[2025-03-26 19:19:55] app-docker.js not running.
[2025-03-26 19:19:57] app-docker.js not running.
[2025-03-26 19:19:59] app-docker.js not running.
[2025-03-26 19:21:40] ALERT: PID 2293772 CPU=1% MEM=50MB | System MEM=6036MB
[2025-03-26 19:21:40] 🔪 Killing app-docker.js (PID 2293772)
[2025-03-26 19:21:40] app-docker.js killed.
[2025-03-26 19:21:40] 🔪 Killing stress script (PID 2296600)
[2025-03-26 19:21:40] Stress script killed.
[2025-03-26 19:21:40] SYSTEM ALERT: Total memory usage = 6036MB
[2025-03-26 19:21:42] app-docker.js not running.
[2025-03-26 19:21:44] app-docker.js not running.
[2025-03-26 19:21:46] app-docker.js not running.
[2025-03-26 19:21:48] app-docker.js not running.
[2025-03-26 19:21:50] app-docker.js not running.
[2025-03-26 19:21:52] app-docker.js not running.
[2025-03-26 19:21:54] app-docker.js not running.
[2025-03-26 19:21:56] app-docker.js not running.
[2025-03-26 19:21:59] app-docker.js not running.
[2025-03-26 19:22:01] app-docker.js not running.
[2025-03-26 19:22:03] app-docker.js not running.
[2025-03-26 19:22:05] app-docker.js not running.
[2025-03-26 19:22:07] app-docker.js not running.
[2025-03-26 19:22:09] app-docker.js not running.
[2025-03-26 19:22:11] app-docker.js not running.
[2025-03-26 19:22:13] app-docker.js not running.
[2025-03-26 19:22:15] app-docker.js not running.
[2025-03-26 19:22:17] app-docker.js not running.
[2025-03-26 19:22:19] app-docker.js not running.
[2025-03-26 19:22:21] app-docker.js not running.
[2025-03-26 19:22:23] app-docker.js not running.
[2025-03-26 19:22:25] app-docker.js not running.
[2025-03-26 19:22:27] app-docker.js not running.
[2025-03-26 19:22:29] app-docker.js not running.
[2025-03-26 19:22:32] app-docker.js not running.
[2025-03-26 19:22:34] app-docker.js not running.
[2025-03-26 19:22:36] app-docker.js not running.
[2025-03-26 19:22:38] app-docker.js not running.
[2025-03-26 19:22:40] app-docker.js not running.
[2025-03-26 19:26:02] app-docker.js not running.
[2025-03-26 19:26:04] app-docker.js not running.
[2025-03-26 20:02:51] app-docker.js not running.
[2025-03-30 11:48:21] app-docker.js not running.
[2025-03-30 11:48:23] app-docker.js not running.
[2025-03-30 11:48:25] app-docker.js not running.
[2025-03-30 11:48:27] app-docker.js not running.
[2025-03-30 11:48:29] app-docker.js not running.
[2025-03-30 11:48:31] app-docker.js not running.
[2025-03-30 11:48:33] app-docker.js not running.
[2025-03-30 11:48:35] app-docker.js not running.
[2025-03-30 11:48:37] app-docker.js not running.
[2025-03-30 11:48:39] app-docker.js not running.
[2025-03-30 11:49:35] ALERT: PID 74290 CPU=1% MEM=42MB | System MEM=6206MB
[2025-03-30 11:49:35] 🔪 Killing app-docker.js (PID 74290)
[2025-03-30 11:49:35] app-docker.js killed.
[2025-03-30 11:49:35] ℹ️  No stress script running.
[2025-03-30 11:49:35] SYSTEM ALERT: Total memory usage = 6206MB
[2025-03-30 11:49:37] app-docker.js not running.
[2025-03-30 11:49:39] app-docker.js not running.
[2025-03-30 11:49:41] app-docker.js not running.
[2025-03-30 11:49:43] app-docker.js not running.
[2025-03-30 11:49:45] app-docker.js not running.
[2025-03-30 11:49:47] app-docker.js not running.
[2025-03-30 11:49:49] app-docker.js not running.
[2025-03-30 11:49:51] app-docker.js not running.
[2025-03-30 11:49:53] app-docker.js not running.
[2025-03-30 11:49:55] app-docker.js not running.
[2025-03-30 11:49:58] app-docker.js not running.
[2025-03-30 11:50:00] app-docker.js not running.
[2025-03-30 11:50:02] app-docker.js not running.
[2025-03-30 11:50:04] app-docker.js not running.
[2025-03-30 11:50:06] app-docker.js not running.
[2025-03-30 11:50:08] app-docker.js not running.
[2025-03-30 11:50:10] app-docker.js not running.
[2025-03-30 11:50:12] app-docker.js not running.
[2025-03-30 11:50:14] app-docker.js not running.
[2025-03-30 11:50:16] app-docker.js not running.
[2025-03-30 11:50:18] app-docker.js not running.
[2025-03-30 11:50:20] app-docker.js not running.
[2025-03-30 11:50:22] app-docker.js not running.
[2025-03-30 11:50:24] app-docker.js not running.
[2025-03-30 11:50:26] app-docker.js not running.
[2025-03-30 11:50:28] app-docker.js not running.
[2025-03-30 11:50:30] app-docker.js not running.
[2025-03-30 11:50:32] app-docker.js not running.
[2025-03-30 11:50:34] app-docker.js not running.
[2025-03-30 11:50:36] app-docker.js not running.
[2025-03-30 11:50:38] app-docker.js not running.
[2025-03-30 11:50:40] app-docker.js not running.
[2025-03-30 11:50:42] app-docker.js not running.
[2025-03-30 11:50:44] app-docker.js not running.
[2025-03-30 11:50:46] app-docker.js not running.
[2025-03-30 11:50:48] app-docker.js not running.
[2025-03-30 11:50:50] app-docker.js not running.
[2025-03-30 11:50:52] app-docker.js not running.
[2025-03-30 11:50:55] app-docker.js not running.
[2025-03-30 11:50:57] app-docker.js not running.
[2025-03-30 11:50:59] app-docker.js not running.
[2025-03-30 11:51:01] app-docker.js not running.
[2025-03-30 11:51:03] app-docker.js not running.
[2025-03-30 11:51:05] app-docker.js not running.
[2025-03-30 11:51:07] app-docker.js not running.
[2025-03-30 11:51:09] app-docker.js not running.
[2025-03-30 11:51:11] app-docker.js not running.
[2025-03-30 11:51:13] app-docker.js not running.
[2025-03-30 11:51:15] app-docker.js not running.
[2025-03-30 11:51:17] app-docker.js not running.
[2025-03-30 11:51:19] app-docker.js not running.
[2025-03-30 11:51:21] app-docker.js not running.
[2025-03-30 11:51:23] app-docker.js not running.
[2025-03-30 11:51:25] app-docker.js not running.
[2025-03-30 11:51:27] app-docker.js not running.
[2025-03-30 11:51:29] app-docker.js not running.
[2025-03-30 11:51:31] app-docker.js not running.
[2025-03-30 11:51:33] app-docker.js not running.
[2025-03-30 11:51:35] app-docker.js not running.
[2025-03-30 11:51:37] app-docker.js not running.
[2025-03-30 11:51:39] app-docker.js not running.
[2025-03-30 11:51:41] app-docker.js not running.
[2025-03-30 11:51:43] app-docker.js not running.
[2025-03-30 11:51:45] app-docker.js not running.
[2025-03-30 11:51:47] app-docker.js not running.
[2025-03-30 11:51:49] app-docker.js not running.
[2025-03-30 11:51:51] app-docker.js not running.
[2025-03-30 11:51:53] app-docker.js not running.
[2025-03-30 11:51:55] app-docker.js not running.
[2025-03-30 11:51:57] app-docker.js not running.
[2025-03-30 11:51:59] app-docker.js not running.
[2025-03-30 11:52:01] app-docker.js not running.
[2025-03-30 11:52:04] app-docker.js not running.
[2025-03-30 11:52:06] app-docker.js not running.
[2025-03-30 11:52:08] app-docker.js not running.
[2025-03-30 11:52:10] app-docker.js not running.
[2025-03-30 11:52:12] app-docker.js not running.
[2025-03-30 11:52:14] app-docker.js not running.
[2025-03-30 11:52:16] app-docker.js not running.
[2025-03-30 11:52:18] app-docker.js not running.
[2025-03-30 11:52:20] app-docker.js not running.
[2025-03-30 11:52:22] app-docker.js not running.
[2025-03-30 11:52:24] app-docker.js not running.
[2025-03-30 11:52:26] app-docker.js not running.
[2025-03-30 11:52:28] app-docker.js not running.
[2025-03-30 11:52:30] app-docker.js not running.
[2025-03-30 11:52:32] app-docker.js not running.
[2025-03-30 11:52:34] app-docker.js not running.
[2025-03-30 11:52:36] app-docker.js not running.
[2025-03-30 11:52:38] app-docker.js not running.
[2025-03-30 11:52:40] app-docker.js not running.
[2025-03-30 11:52:42] app-docker.js not running.
[2025-03-30 11:52:44] app-docker.js not running.
[2025-03-30 11:52:46] app-docker.js not running.
[2025-03-30 11:52:48] app-docker.js not running.
[2025-03-30 11:52:50] app-docker.js not running.
[2025-03-30 11:52:52] app-docker.js not running.
[2025-03-30 11:52:54] app-docker.js not running.
[2025-03-30 11:52:56] app-docker.js not running.
[2025-03-30 11:52:58] app-docker.js not running.
[2025-03-30 11:53:00] app-docker.js not running.
[2025-03-30 11:53:02] app-docker.js not running.
[2025-03-30 11:53:04] app-docker.js not running.
[2025-03-30 11:53:06] app-docker.js not running.
[2025-03-30 11:53:08] app-docker.js not running.
[2025-03-30 11:53:10] app-docker.js not running.
[2025-03-30 11:53:12] app-docker.js not running.
[2025-03-30 11:53:15] app-docker.js not running.
[2025-03-30 11:53:17] app-docker.js not running.
[2025-03-30 11:53:19] app-docker.js not running.
[2025-03-30 11:53:21] app-docker.js not running.
[2025-03-30 11:53:23] app-docker.js not running.
[2025-03-30 11:54:26] ALERT: PID 142708 CPU=1% MEM=61MB | System MEM=6265MB
[2025-03-30 11:54:26] 🔪 Killing app-docker.js (PID 142708)
[2025-03-30 11:54:26] app-docker.js killed.
[2025-03-30 11:54:26] ℹ️  No stress script running.
[2025-03-30 11:54:27] SYSTEM ALERT: Total memory usage = 6265MB
[2025-03-30 11:54:29] app-docker.js not running.
[2025-03-30 11:54:31] app-docker.js not running.
[2025-03-30 11:54:33] app-docker.js not running.
[2025-03-30 11:54:35] app-docker.js not running.
[2025-03-30 11:54:37] app-docker.js not running.
[2025-03-30 11:54:39] app-docker.js not running.
[2025-03-30 11:54:41] app-docker.js not running.
[2025-03-30 11:54:43] app-docker.js not running.
[2025-03-30 11:54:45] app-docker.js not running.
[2025-03-30 11:54:47] app-docker.js not running.
[2025-03-30 11:54:49] app-docker.js not running.
[2025-03-30 11:54:51] app-docker.js not running.
[2025-03-30 11:54:53] app-docker.js not running.
[2025-03-30 11:54:55] app-docker.js not running.
[2025-03-30 11:54:57] app-docker.js not running.
[2025-03-30 11:54:59] app-docker.js not running.
[2025-03-30 11:55:01] app-docker.js not running.
[2025-03-30 11:55:03] app-docker.js not running.
[2025-03-30 11:55:05] app-docker.js not running.
[2025-03-30 11:55:07] app-docker.js not running.
[2025-03-30 11:55:09] app-docker.js not running.
[2025-03-30 11:55:11] app-docker.js not running.
[2025-03-30 11:55:13] app-docker.js not running.
[2025-03-30 11:55:15] app-docker.js not running.
[2025-03-30 11:55:17] app-docker.js not running.
[2025-03-30 11:55:19] app-docker.js not running.
[2025-03-30 11:55:21] app-docker.js not running.
[2025-03-30 11:55:23] app-docker.js not running.
[2025-03-30 11:55:25] app-docker.js not running.
[2025-03-30 11:55:28] app-docker.js not running.
[2025-03-30 11:55:30] app-docker.js not running.
[2025-03-30 11:55:32] app-docker.js not running.
[2025-03-30 11:55:34] app-docker.js not running.
[2025-03-30 11:55:36] app-docker.js not running.
[2025-03-30 11:55:38] app-docker.js not running.
[2025-03-30 11:55:40] app-docker.js not running.
[2025-03-30 11:55:42] app-docker.js not running.
[2025-03-30 11:55:44] app-docker.js not running.
[2025-03-30 11:55:46] app-docker.js not running.
[2025-03-30 11:55:48] app-docker.js not running.
[2025-03-30 11:55:50] app-docker.js not running.
[2025-03-30 11:55:52] app-docker.js not running.
[2025-03-30 11:55:54] app-docker.js not running.
[2025-03-30 11:55:56] app-docker.js not running.
[2025-03-30 11:55:58] app-docker.js not running.
[2025-03-30 11:56:00] app-docker.js not running.
[2025-03-30 11:56:02] app-docker.js not running.
[2025-03-30 11:56:04] app-docker.js not running.
[2025-03-30 11:56:06] app-docker.js not running.
[2025-03-30 11:56:08] app-docker.js not running.
[2025-03-30 11:56:10] app-docker.js not running.
[2025-03-30 11:56:12] app-docker.js not running.
[2025-03-30 11:56:14] app-docker.js not running.
[2025-03-30 11:56:16] app-docker.js not running.
[2025-03-30 11:56:18] app-docker.js not running.
[2025-03-30 11:56:20] app-docker.js not running.
[2025-03-30 11:56:22] app-docker.js not running.
[2025-03-30 11:56:24] app-docker.js not running.
[2025-03-30 11:56:26] app-docker.js not running.
[2025-03-30 11:56:28] app-docker.js not running.
[2025-03-30 11:56:30] app-docker.js not running.
[2025-03-30 11:56:33] app-docker.js not running.
[2025-03-30 11:56:35] app-docker.js not running.
[2025-03-30 11:56:37] app-docker.js not running.
[2025-03-30 11:56:39] app-docker.js not running.
[2025-03-30 11:56:41] app-docker.js not running.
[2025-03-30 11:56:43] app-docker.js not running.
[2025-03-30 11:56:45] app-docker.js not running.
[2025-03-30 11:56:47] app-docker.js not running.
[2025-03-30 11:56:49] app-docker.js not running.
[2025-03-30 11:56:51] app-docker.js not running.
[2025-03-30 11:56:53] app-docker.js not running.
[2025-03-30 11:56:55] app-docker.js not running.
[2025-03-30 11:56:57] app-docker.js not running.
[2025-03-30 11:56:59] app-docker.js not running.
[2025-03-30 11:57:01] app-docker.js not running.
[2025-03-30 11:57:03] app-docker.js not running.
[2025-03-30 11:57:05] app-docker.js not running.
[2025-03-30 11:57:07] app-docker.js not running.
[2025-03-30 11:57:09] app-docker.js not running.
[2025-03-30 11:57:11] app-docker.js not running.
[2025-03-30 11:57:13] app-docker.js not running.
[2025-03-30 11:57:15] app-docker.js not running.
[2025-03-30 11:57:17] app-docker.js not running.
[2025-03-30 11:57:19] app-docker.js not running.
[2025-03-30 11:57:21] app-docker.js not running.
[2025-03-30 11:57:23] app-docker.js not running.
[2025-03-30 11:57:25] app-docker.js not running.
[2025-03-30 11:57:27] app-docker.js not running.
[2025-03-30 11:57:29] app-docker.js not running.
[2025-03-30 11:57:31] app-docker.js not running.
[2025-03-30 11:57:33] app-docker.js not running.
[2025-03-30 11:57:35] app-docker.js not running.
[2025-03-30 11:57:37] app-docker.js not running.
[2025-03-30 11:57:40] app-docker.js not running.
[2025-03-30 11:57:42] app-docker.js not running.
[2025-03-30 11:57:44] app-docker.js not running.
[2025-03-30 11:57:46] app-docker.js not running.
[2025-03-30 11:57:48] app-docker.js not running.
[2025-03-30 11:57:50] app-docker.js not running.
[2025-03-30 11:57:52] app-docker.js not running.
[2025-03-30 11:57:54] app-docker.js not running.
[2025-03-30 11:57:56] app-docker.js not running.
[2025-03-30 11:57:58] app-docker.js not running.
[2025-03-30 11:58:00] app-docker.js not running.
[2025-03-30 11:58:02] app-docker.js not running.
[2025-03-30 11:58:04] app-docker.js not running.
[2025-03-30 11:58:06] app-docker.js not running.
[2025-03-30 11:58:08] app-docker.js not running.
[2025-03-30 11:58:10] app-docker.js not running.
[2025-03-30 11:58:12] app-docker.js not running.
[2025-03-30 11:58:14] app-docker.js not running.
[2025-03-30 11:58:16] app-docker.js not running.
[2025-03-30 11:58:18] app-docker.js not running.
[2025-03-30 11:58:20] app-docker.js not running.
[2025-03-30 11:58:22] app-docker.js not running.
[2025-03-30 11:58:24] app-docker.js not running.
[2025-03-30 11:58:26] app-docker.js not running.
[2025-03-30 11:58:28] app-docker.js not running.
[2025-03-30 11:58:30] app-docker.js not running.
[2025-03-30 11:58:32] app-docker.js not running.
[2025-03-30 11:58:34] app-docker.js not running.
[2025-03-30 11:58:36] app-docker.js not running.
[2025-03-30 11:58:38] app-docker.js not running.
[2025-03-30 11:58:40] app-docker.js not running.
[2025-03-30 11:58:42] app-docker.js not running.
[2025-03-30 11:58:45] app-docker.js not running.
[2025-03-30 11:58:47] app-docker.js not running.
[2025-03-30 11:58:49] app-docker.js not running.
[2025-03-30 11:58:51] app-docker.js not running.
[2025-03-30 11:58:53] app-docker.js not running.
[2025-03-30 11:58:55] app-docker.js not running.
[2025-03-30 11:58:57] app-docker.js not running.
[2025-03-30 11:58:59] app-docker.js not running.
[2025-03-30 11:59:01] app-docker.js not running.
[2025-03-30 11:59:03] app-docker.js not running.
[2025-03-30 11:59:05] app-docker.js not running.
[2025-03-30 11:59:07] app-docker.js not running.
[2025-03-30 11:59:09] app-docker.js not running.
[2025-03-30 11:59:11] app-docker.js not running.
[2025-03-30 11:59:13] app-docker.js not running.
[2025-03-30 11:59:15] app-docker.js not running.
[2025-03-30 11:59:17] app-docker.js not running.
[2025-03-30 11:59:19] app-docker.js not running.
[2025-03-30 11:59:21] app-docker.js not running.
[2025-03-30 11:59:23] app-docker.js not running.
[2025-03-30 11:59:25] app-docker.js not running.
[2025-03-30 11:59:27] app-docker.js not running.
[2025-03-30 11:59:29] app-docker.js not running.
[2025-03-30 11:59:31] app-docker.js not running.
[2025-03-30 11:59:33] app-docker.js not running.
[2025-03-30 11:59:35] app-docker.js not running.
[2025-03-30 11:59:37] app-docker.js not running.
[2025-03-30 11:59:39] app-docker.js not running.
[2025-03-30 11:59:41] app-docker.js not running.
[2025-03-30 11:59:43] app-docker.js not running.
[2025-03-30 11:59:45] app-docker.js not running.
[2025-03-30 11:59:47] app-docker.js not running.
[2025-03-30 11:59:49] app-docker.js not running.
[2025-03-30 11:59:52] app-docker.js not running.
[2025-03-30 11:59:54] app-docker.js not running.
[2025-03-30 11:59:56] app-docker.js not running.
[2025-03-30 11:59:58] app-docker.js not running.
[2025-03-30 12:00:00] app-docker.js not running.
[2025-03-30 12:00:02] app-docker.js not running.
[2025-03-30 12:00:04] app-docker.js not running.
[2025-03-30 12:00:06] app-docker.js not running.
[2025-03-30 12:00:08] app-docker.js not running.
[2025-03-30 12:00:10] app-docker.js not running.
[2025-03-30 12:00:12] app-docker.js not running.
[2025-03-30 12:00:14] app-docker.js not running.
[2025-03-30 12:00:16] app-docker.js not running.
[2025-03-30 12:00:18] app-docker.js not running.
[2025-03-30 12:00:20] app-docker.js not running.
[2025-03-30 12:00:22] app-docker.js not running.
[2025-03-30 12:00:24] app-docker.js not running.
[2025-03-30 12:00:26] app-docker.js not running.
[2025-03-30 12:00:28] app-docker.js not running.
[2025-03-30 12:00:30] app-docker.js not running.
[2025-03-30 12:00:32] app-docker.js not running.
[2025-03-30 12:00:34] app-docker.js not running.
[2025-03-30 12:00:36] app-docker.js not running.
[2025-03-30 12:00:38] app-docker.js not running.
[2025-03-30 12:00:40] app-docker.js not running.
[2025-03-30 12:00:42] app-docker.js not running.
[2025-03-30 12:00:44] app-docker.js not running.
[2025-03-30 12:00:46] app-docker.js not running.
[2025-03-30 12:00:48] app-docker.js not running.
[2025-03-30 12:00:50] app-docker.js not running.
[2025-03-30 12:00:52] app-docker.js not running.
[2025-03-30 12:00:54] app-docker.js not running.
[2025-03-30 12:00:56] app-docker.js not running.
[2025-03-30 12:00:58] app-docker.js not running.
[2025-03-30 12:01:00] app-docker.js not running.
[2025-03-30 12:01:03] app-docker.js not running.
[2025-03-30 12:01:05] app-docker.js not running.
[2025-03-30 12:01:07] app-docker.js not running.
[2025-03-30 12:01:09] app-docker.js not running.
[2025-03-30 12:01:11] app-docker.js not running.
[2025-03-30 12:01:13] app-docker.js not running.
[2025-03-30 12:01:15] app-docker.js not running.
[2025-03-30 12:01:17] app-docker.js not running.
[2025-03-30 12:01:19] app-docker.js not running.
[2025-03-30 12:01:21] app-docker.js not running.
[2025-03-30 12:01:23] app-docker.js not running.
[2025-03-30 12:01:25] app-docker.js not running.
[2025-03-30 12:01:27] app-docker.js not running.
[2025-03-30 12:01:29] app-docker.js not running.
[2025-03-30 12:01:31] app-docker.js not running.
[2025-03-30 12:01:33] app-docker.js not running.
[2025-03-30 12:01:35] app-docker.js not running.
[2025-03-30 12:01:37] app-docker.js not running.
[2025-03-30 12:01:39] app-docker.js not running.
[2025-03-30 12:01:41] app-docker.js not running.
[2025-03-30 12:01:43] app-docker.js not running.
[2025-03-30 12:01:45] app-docker.js not running.
[2025-03-30 12:01:47] app-docker.js not running.
[2025-03-30 12:01:49] app-docker.js not running.
[2025-03-30 12:01:51] app-docker.js not running.
[2025-03-30 12:01:53] app-docker.js not running.
[2025-03-30 12:01:55] app-docker.js not running.
[2025-03-30 12:01:57] app-docker.js not running.
[2025-03-30 12:01:59] app-docker.js not running.
[2025-03-30 12:02:01] app-docker.js not running.
[2025-03-30 12:02:03] app-docker.js not running.
[2025-03-30 12:02:05] app-docker.js not running.
[2025-03-30 12:02:07] app-docker.js not running.
[2025-03-30 12:02:09] app-docker.js not running.
[2025-03-30 12:02:11] app-docker.js not running.
[2025-03-30 12:02:13] app-docker.js not running.
[2025-03-30 12:02:15] app-docker.js not running.
[2025-03-30 12:02:17] app-docker.js not running.
[2025-03-30 12:02:20] app-docker.js not running.
[2025-03-30 12:02:22] app-docker.js not running.
[2025-03-30 12:02:24] app-docker.js not running.
[2025-03-30 12:02:26] app-docker.js not running.
[2025-03-30 12:02:28] app-docker.js not running.
[2025-03-30 12:02:30] app-docker.js not running.
[2025-03-30 12:02:32] app-docker.js not running.
[2025-03-30 12:02:34] app-docker.js not running.
[2025-03-30 12:02:36] app-docker.js not running.
[2025-03-30 12:02:38] app-docker.js not running.
[2025-03-30 12:02:40] app-docker.js not running.
[2025-03-30 12:02:42] app-docker.js not running.
[2025-03-30 12:02:44] app-docker.js not running.
[2025-03-30 12:02:46] app-docker.js not running.
[2025-03-30 12:02:48] app-docker.js not running.
[2025-03-30 12:02:50] app-docker.js not running.
[2025-03-30 12:02:52] app-docker.js not running.
[2025-03-30 12:02:54] app-docker.js not running.
[2025-03-30 12:02:56] app-docker.js not running.
[2025-03-30 12:02:58] app-docker.js not running.
[2025-03-30 12:03:00] app-docker.js not running.
[2025-03-30 12:03:02] app-docker.js not running.
[2025-03-30 12:03:04] app-docker.js not running.
[2025-03-30 12:03:06] app-docker.js not running.
[2025-03-30 12:03:08] app-docker.js not running.
[2025-03-30 12:03:10] app-docker.js not running.
[2025-03-30 12:03:12] app-docker.js not running.
[2025-03-30 12:03:14] app-docker.js not running.
[2025-03-30 12:03:16] app-docker.js not running.
[2025-03-30 12:03:18] app-docker.js not running.
[2025-03-30 12:03:20] app-docker.js not running.
[2025-03-30 12:03:22] app-docker.js not running.
[2025-03-30 12:03:24] app-docker.js not running.
[2025-03-30 12:03:26] app-docker.js not running.
[2025-03-30 12:03:28] app-docker.js not running.
[2025-03-30 12:03:30] app-docker.js not running.
[2025-03-30 12:03:32] app-docker.js not running.
[2025-03-30 12:03:34] app-docker.js not running.
[2025-03-30 12:03:37] app-docker.js not running.
[2025-03-30 12:03:39] app-docker.js not running.
[2025-03-30 12:03:41] app-docker.js not running.
[2025-03-30 12:03:43] app-docker.js not running.
[2025-03-30 12:03:45] app-docker.js not running.
[2025-03-30 12:03:47] app-docker.js not running.
[2025-03-30 12:03:49] app-docker.js not running.
[2025-03-30 12:03:51] app-docker.js not running.
[2025-03-30 12:03:53] app-docker.js not running.
[2025-03-30 12:03:55] app-docker.js not running.
[2025-03-30 12:03:57] app-docker.js not running.
[2025-03-30 12:03:59] app-docker.js not running.
[2025-03-30 12:04:01] app-docker.js not running.
[2025-03-30 12:04:03] app-docker.js not running.
[2025-03-30 12:04:05] app-docker.js not running.
[2025-03-30 12:04:07] app-docker.js not running.
[2025-03-30 12:04:09] app-docker.js not running.
[2025-03-30 12:04:11] app-docker.js not running.
[2025-03-30 12:04:13] app-docker.js not running.
[2025-03-30 12:04:15] app-docker.js not running.
[2025-03-30 12:04:17] app-docker.js not running.
[2025-03-30 12:04:19] app-docker.js not running.
[2025-03-30 12:04:21] app-docker.js not running.
[2025-03-30 12:04:23] app-docker.js not running.
[2025-03-30 12:04:25] app-docker.js not running.
[2025-03-30 12:04:27] app-docker.js not running.
[2025-03-30 12:04:29] app-docker.js not running.
[2025-03-30 12:04:31] app-docker.js not running.
[2025-03-30 12:04:33] app-docker.js not running.
[2025-03-30 12:04:35] app-docker.js not running.
[2025-03-30 12:04:37] app-docker.js not running.
[2025-03-30 12:04:39] app-docker.js not running.
[2025-03-30 12:04:41] app-docker.js not running.
[2025-03-30 12:04:43] app-docker.js not running.
[2025-03-30 12:04:45] app-docker.js not running.
[2025-03-30 12:04:47] app-docker.js not running.
[2025-03-30 12:04:49] app-docker.js not running.
[2025-03-30 12:04:51] app-docker.js not running.
[2025-03-30 12:04:53] app-docker.js not running.
[2025-03-30 12:04:56] app-docker.js not running.
[2025-03-30 12:04:58] app-docker.js not running.
[2025-03-30 12:05:00] app-docker.js not running.
[2025-03-30 12:05:02] app-docker.js not running.
[2025-03-30 12:05:04] app-docker.js not running.
[2025-03-30 12:05:06] app-docker.js not running.
[2025-03-30 12:05:08] app-docker.js not running.
[2025-03-30 12:05:10] app-docker.js not running.
[2025-03-30 12:05:12] app-docker.js not running.
[2025-03-30 12:05:14] app-docker.js not running.
[2025-03-30 12:05:16] app-docker.js not running.
[2025-03-30 12:05:18] app-docker.js not running.
[2025-03-30 12:05:20] app-docker.js not running.
[2025-03-30 12:05:22] app-docker.js not running.
[2025-03-30 12:05:24] app-docker.js not running.
[2025-03-30 12:05:26] app-docker.js not running.
[2025-03-30 12:05:28] app-docker.js not running.
[2025-03-30 12:05:30] app-docker.js not running.
[2025-03-30 12:05:32] app-docker.js not running.
[2025-03-30 12:05:34] app-docker.js not running.
[2025-03-30 12:05:36] app-docker.js not running.
[2025-03-30 12:05:38] app-docker.js not running.
[2025-03-30 12:05:40] app-docker.js not running.
[2025-03-30 12:05:42] app-docker.js not running.
[2025-03-30 12:05:44] app-docker.js not running.
[2025-03-30 12:05:46] app-docker.js not running.
[2025-03-30 12:05:48] app-docker.js not running.
[2025-03-30 12:05:50] app-docker.js not running.
[2025-03-30 12:05:52] app-docker.js not running.
[2025-03-30 12:05:54] app-docker.js not running.
[2025-03-30 12:05:56] app-docker.js not running.
[2025-03-30 12:05:58] app-docker.js not running.
[2025-03-30 12:06:00] app-docker.js not running.
[2025-03-30 12:06:02] app-docker.js not running.
[2025-03-30 12:06:04] app-docker.js not running.
[2025-03-30 12:06:06] app-docker.js not running.
[2025-03-30 12:06:08] app-docker.js not running.
[2025-03-30 12:06:10] app-docker.js not running.
[2025-03-30 12:06:13] app-docker.js not running.
[2025-03-30 12:06:15] app-docker.js not running.
[2025-03-30 12:06:17] app-docker.js not running.
[2025-03-30 12:06:19] app-docker.js not running.
[2025-03-30 12:06:21] app-docker.js not running.
[2025-03-30 12:06:23] app-docker.js not running.
[2025-03-30 12:06:25] app-docker.js not running.
[2025-03-30 12:06:27] app-docker.js not running.
[2025-03-30 12:06:29] app-docker.js not running.
[2025-03-30 12:06:31] app-docker.js not running.
[2025-03-30 12:06:33] app-docker.js not running.
[2025-03-30 12:06:35] app-docker.js not running.
[2025-03-30 12:06:37] app-docker.js not running.
[2025-03-30 12:06:39] app-docker.js not running.
[2025-03-30 12:06:41] app-docker.js not running.
[2025-03-30 12:06:43] app-docker.js not running.
[2025-03-30 12:06:45] app-docker.js not running.
[2025-03-30 12:06:47] app-docker.js not running.
[2025-03-30 12:06:49] app-docker.js not running.
[2025-03-30 12:06:51] app-docker.js not running.
[2025-03-30 12:06:53] app-docker.js not running.
[2025-03-30 12:06:55] app-docker.js not running.
[2025-03-30 12:06:57] app-docker.js not running.
[2025-03-30 12:06:59] app-docker.js not running.
[2025-03-30 12:07:01] app-docker.js not running.
[2025-03-30 12:07:03] app-docker.js not running.
[2025-03-30 12:07:05] app-docker.js not running.
[2025-03-30 12:07:07] app-docker.js not running.
[2025-03-30 12:07:09] app-docker.js not running.
[2025-03-30 12:07:11] app-docker.js not running.
[2025-03-30 12:07:13] app-docker.js not running.
[2025-03-30 12:07:15] app-docker.js not running.
[2025-03-30 12:07:17] app-docker.js not running.
[2025-03-30 12:07:19] app-docker.js not running.
[2025-03-30 12:07:21] app-docker.js not running.
[2025-03-30 12:07:23] app-docker.js not running.
[2025-03-30 12:07:25] app-docker.js not running.
[2025-03-30 12:07:27] app-docker.js not running.
[2025-03-30 12:07:30] app-docker.js not running.
[2025-03-30 12:07:32] app-docker.js not running.
[2025-03-30 12:07:34] app-docker.js not running.
[2025-03-30 12:07:36] app-docker.js not running.
[2025-03-30 12:07:38] app-docker.js not running.
[2025-03-30 12:07:40] app-docker.js not running.
[2025-03-30 12:07:42] app-docker.js not running.
[2025-03-30 12:07:44] app-docker.js not running.
[2025-03-30 12:07:46] app-docker.js not running.
[2025-03-30 12:07:48] app-docker.js not running.
[2025-03-30 12:07:50] app-docker.js not running.
[2025-03-30 12:07:52] app-docker.js not running.
[2025-03-30 12:07:54] app-docker.js not running.
[2025-03-30 12:07:56] app-docker.js not running.
[2025-03-30 12:07:58] app-docker.js not running.
[2025-03-30 12:08:00] app-docker.js not running.
[2025-03-30 12:08:02] app-docker.js not running.
[2025-03-30 12:08:04] app-docker.js not running.
[2025-03-30 12:08:06] app-docker.js not running.
[2025-03-30 12:08:08] app-docker.js not running.
[2025-03-30 12:08:10] app-docker.js not running.
[2025-03-30 12:08:12] app-docker.js not running.
[2025-03-30 12:08:14] app-docker.js not running.
[2025-03-30 12:08:16] app-docker.js not running.
[2025-03-30 12:08:18] app-docker.js not running.
[2025-03-30 12:08:20] app-docker.js not running.
[2025-03-30 12:08:22] app-docker.js not running.
[2025-03-30 12:08:24] app-docker.js not running.
[2025-03-30 12:08:26] app-docker.js not running.
[2025-03-30 12:08:28] app-docker.js not running.
[2025-03-30 12:08:30] app-docker.js not running.
[2025-03-30 12:08:32] app-docker.js not running.
[2025-03-30 12:08:34] app-docker.js not running.
[2025-03-30 12:08:36] app-docker.js not running.
[2025-03-30 12:08:38] app-docker.js not running.
[2025-03-30 12:08:40] app-docker.js not running.
[2025-03-30 12:08:42] app-docker.js not running.
[2025-03-30 12:08:45] app-docker.js not running.
[2025-03-30 12:08:47] app-docker.js not running.
[2025-03-30 12:08:49] app-docker.js not running.
[2025-03-30 12:08:51] app-docker.js not running.
[2025-03-30 12:08:53] app-docker.js not running.
[2025-03-30 12:08:55] app-docker.js not running.
[2025-03-30 12:08:57] app-docker.js not running.
[2025-03-30 12:08:59] app-docker.js not running.
[2025-03-30 12:09:01] app-docker.js not running.
[2025-03-30 12:09:03] app-docker.js not running.
[2025-03-30 12:09:05] app-docker.js not running.
[2025-03-30 12:09:07] app-docker.js not running.
[2025-03-30 12:09:09] app-docker.js not running.
[2025-03-30 12:09:11] app-docker.js not running.
[2025-03-30 12:09:13] app-docker.js not running.
[2025-03-30 12:09:15] app-docker.js not running.
[2025-03-30 12:09:17] app-docker.js not running.
[2025-03-30 12:09:19] app-docker.js not running.
[2025-03-30 12:09:21] app-docker.js not running.
[2025-03-30 12:09:23] app-docker.js not running.
[2025-03-30 12:09:25] app-docker.js not running.
[2025-03-30 12:09:27] app-docker.js not running.
[2025-03-30 12:09:29] app-docker.js not running.
[2025-03-30 12:09:31] app-docker.js not running.
[2025-03-30 12:09:33] app-docker.js not running.
[2025-03-30 12:09:35] app-docker.js not running.
[2025-03-30 12:09:37] app-docker.js not running.
[2025-03-30 12:09:39] app-docker.js not running.
[2025-03-30 12:09:41] app-docker.js not running.
[2025-03-30 12:09:43] app-docker.js not running.
[2025-03-30 12:09:45] app-docker.js not running.
[2025-03-30 12:09:47] app-docker.js not running.
[2025-03-30 12:09:49] app-docker.js not running.
[2025-03-30 12:09:51] app-docker.js not running.
[2025-03-30 12:09:53] app-docker.js not running.
[2025-03-30 12:09:55] app-docker.js not running.
[2025-03-30 12:09:57] app-docker.js not running.
[2025-03-30 12:09:59] app-docker.js not running.
[2025-03-30 12:10:02] app-docker.js not running.
[2025-03-30 12:10:04] app-docker.js not running.
[2025-03-30 12:10:06] app-docker.js not running.
[2025-03-30 12:10:08] app-docker.js not running.
[2025-03-30 12:10:10] app-docker.js not running.
[2025-03-30 12:10:12] app-docker.js not running.
[2025-03-30 12:10:14] app-docker.js not running.
[2025-03-30 12:10:16] app-docker.js not running.
[2025-03-30 12:10:18] app-docker.js not running.
[2025-03-30 12:10:20] app-docker.js not running.
[2025-03-30 12:10:22] app-docker.js not running.
[2025-03-30 12:10:24] app-docker.js not running.
[2025-03-30 12:10:26] app-docker.js not running.
[2025-03-30 12:10:28] app-docker.js not running.
[2025-03-30 12:10:30] app-docker.js not running.
[2025-03-30 12:10:32] app-docker.js not running.
[2025-03-30 12:10:34] app-docker.js not running.
[2025-03-30 12:10:36] app-docker.js not running.
[2025-03-30 12:10:38] app-docker.js not running.
[2025-03-30 12:10:40] app-docker.js not running.
[2025-03-30 12:10:42] app-docker.js not running.
[2025-03-30 12:10:44] app-docker.js not running.
[2025-03-30 12:10:46] app-docker.js not running.
[2025-03-30 12:10:48] app-docker.js not running.
[2025-03-30 12:10:50] app-docker.js not running.
[2025-03-30 12:10:52] app-docker.js not running.
[2025-03-30 12:10:54] app-docker.js not running.
[2025-03-30 12:10:56] app-docker.js not running.
[2025-03-30 12:10:58] app-docker.js not running.
[2025-03-30 12:11:00] app-docker.js not running.
[2025-03-30 12:11:02] app-docker.js not running.
[2025-03-30 12:11:04] app-docker.js not running.
[2025-03-30 12:11:06] app-docker.js not running.
[2025-03-30 12:11:08] app-docker.js not running.
[2025-03-30 12:11:10] app-docker.js not running.
[2025-03-30 12:11:12] app-docker.js not running.
[2025-03-30 12:11:14] app-docker.js not running.
[2025-03-30 12:11:17] app-docker.js not running.
[2025-03-30 12:11:19] app-docker.js not running.
[2025-03-30 12:11:21] app-docker.js not running.
[2025-03-30 12:11:23] app-docker.js not running.
[2025-03-30 12:11:25] app-docker.js not running.
[2025-03-30 12:11:27] app-docker.js not running.
[2025-03-30 12:11:29] app-docker.js not running.
[2025-03-30 12:11:31] app-docker.js not running.
[2025-03-30 12:11:33] app-docker.js not running.
[2025-03-30 12:11:35] app-docker.js not running.
[2025-03-30 12:11:37] app-docker.js not running.
[2025-03-30 12:11:39] app-docker.js not running.
[2025-03-30 12:11:41] app-docker.js not running.
[2025-03-30 12:11:43] app-docker.js not running.
[2025-03-30 12:11:45] app-docker.js not running.
[2025-03-30 12:11:47] app-docker.js not running.
[2025-03-30 12:11:49] app-docker.js not running.
[2025-03-30 12:11:51] app-docker.js not running.
[2025-03-30 12:11:53] app-docker.js not running.
[2025-03-30 12:11:55] app-docker.js not running.
[2025-03-30 12:11:57] app-docker.js not running.
[2025-03-30 12:11:59] app-docker.js not running.
[2025-03-30 12:12:01] app-docker.js not running.
[2025-03-30 12:12:03] app-docker.js not running.
[2025-03-30 12:12:05] app-docker.js not running.
[2025-03-30 12:12:07] app-docker.js not running.
[2025-03-30 12:12:09] app-docker.js not running.
[2025-03-30 12:12:11] app-docker.js not running.
[2025-03-30 12:12:13] app-docker.js not running.
[2025-03-30 12:12:15] app-docker.js not running.
[2025-03-30 12:12:17] app-docker.js not running.
[2025-03-30 12:12:19] app-docker.js not running.
[2025-03-30 12:12:21] app-docker.js not running.
[2025-03-30 12:12:23] app-docker.js not running.
[2025-03-30 12:12:25] app-docker.js not running.
[2025-03-30 12:12:27] app-docker.js not running.
[2025-03-30 12:12:29] app-docker.js not running.
[2025-03-30 12:12:32] app-docker.js not running.
[2025-03-30 12:12:34] app-docker.js not running.
[2025-03-30 12:12:36] app-docker.js not running.
[2025-03-30 12:12:38] app-docker.js not running.
[2025-03-30 12:12:40] app-docker.js not running.
[2025-03-30 12:12:42] app-docker.js not running.
[2025-03-30 12:12:44] app-docker.js not running.
[2025-03-30 12:12:46] app-docker.js not running.
[2025-03-30 12:12:48] app-docker.js not running.
[2025-03-30 12:12:50] app-docker.js not running.
[2025-03-30 12:12:52] app-docker.js not running.
[2025-03-30 12:12:54] app-docker.js not running.
[2025-03-30 12:12:56] app-docker.js not running.
[2025-03-30 12:12:58] app-docker.js not running.
[2025-03-30 12:13:00] app-docker.js not running.
[2025-03-30 12:13:02] app-docker.js not running.
[2025-03-30 12:13:04] app-docker.js not running.
[2025-03-30 12:13:06] app-docker.js not running.
[2025-03-30 12:13:08] app-docker.js not running.
[2025-03-30 12:13:10] app-docker.js not running.
[2025-03-30 12:13:12] app-docker.js not running.
[2025-03-30 12:13:14] app-docker.js not running.
[2025-03-30 12:13:16] app-docker.js not running.
[2025-03-30 12:13:18] app-docker.js not running.
[2025-03-30 12:13:20] app-docker.js not running.
[2025-03-30 12:13:22] app-docker.js not running.
[2025-03-30 12:13:24] app-docker.js not running.
[2025-03-30 12:13:26] app-docker.js not running.
[2025-03-30 12:13:28] app-docker.js not running.
[2025-03-30 12:13:30] app-docker.js not running.
[2025-03-30 12:13:32] app-docker.js not running.
[2025-03-30 12:13:34] app-docker.js not running.
[2025-03-30 12:13:36] app-docker.js not running.
[2025-03-30 12:13:38] app-docker.js not running.
[2025-03-30 12:13:40] app-docker.js not running.
[2025-03-30 12:13:42] app-docker.js not running.
[2025-03-30 12:13:44] app-docker.js not running.
[2025-03-30 12:13:46] app-docker.js not running.
[2025-03-30 12:13:48] app-docker.js not running.
[2025-03-30 12:13:51] app-docker.js not running.
[2025-03-30 12:13:53] app-docker.js not running.
[2025-03-30 12:13:55] app-docker.js not running.
[2025-03-30 12:13:57] app-docker.js not running.
[2025-03-30 12:13:59] app-docker.js not running.
[2025-03-30 12:14:01] app-docker.js not running.
[2025-03-30 12:14:03] app-docker.js not running.
[2025-03-30 12:14:05] app-docker.js not running.
[2025-03-30 12:14:07] app-docker.js not running.
[2025-03-30 12:14:09] app-docker.js not running.
[2025-03-30 12:14:11] app-docker.js not running.
[2025-03-30 12:14:13] app-docker.js not running.
[2025-03-30 12:14:15] app-docker.js not running.
[2025-03-30 12:14:17] app-docker.js not running.
[2025-03-30 12:14:19] app-docker.js not running.
[2025-03-30 12:14:21] app-docker.js not running.
[2025-03-30 12:14:23] app-docker.js not running.
[2025-03-30 12:14:25] app-docker.js not running.
[2025-03-30 12:14:27] app-docker.js not running.
[2025-03-30 12:14:29] app-docker.js not running.
[2025-03-30 12:14:31] app-docker.js not running.
[2025-03-30 12:14:33] app-docker.js not running.
[2025-03-30 12:14:35] app-docker.js not running.
[2025-03-30 12:14:37] app-docker.js not running.
[2025-03-30 12:14:39] app-docker.js not running.
[2025-03-30 12:14:41] app-docker.js not running.
[2025-03-30 12:14:43] app-docker.js not running.
[2025-03-30 12:14:45] app-docker.js not running.
[2025-03-30 12:14:47] app-docker.js not running.
[2025-03-30 12:14:49] app-docker.js not running.
[2025-03-30 12:14:51] app-docker.js not running.
[2025-03-30 12:14:53] app-docker.js not running.
[2025-03-30 12:14:55] app-docker.js not running.
[2025-03-30 12:14:57] app-docker.js not running.
[2025-03-30 12:14:59] app-docker.js not running.
[2025-03-30 12:15:01] app-docker.js not running.
[2025-03-30 12:15:03] app-docker.js not running.
[2025-03-30 12:15:06] app-docker.js not running.
[2025-03-30 12:15:08] app-docker.js not running.
[2025-03-30 12:15:10] app-docker.js not running.
[2025-03-30 12:15:12] app-docker.js not running.
[2025-03-30 12:15:14] app-docker.js not running.
[2025-03-30 12:15:16] app-docker.js not running.
[2025-03-30 12:15:18] app-docker.js not running.
[2025-03-30 12:15:20] app-docker.js not running.
[2025-03-30 12:15:22] app-docker.js not running.
[2025-03-30 12:15:24] app-docker.js not running.
[2025-03-30 12:15:26] app-docker.js not running.
[2025-03-30 12:15:28] app-docker.js not running.
[2025-03-30 12:15:30] app-docker.js not running.
[2025-03-30 12:15:32] app-docker.js not running.
[2025-03-30 12:15:34] app-docker.js not running.
[2025-03-30 12:15:36] app-docker.js not running.
[2025-03-30 12:15:38] app-docker.js not running.
[2025-03-30 12:15:40] app-docker.js not running.
[2025-03-30 12:15:42] app-docker.js not running.
[2025-03-30 12:15:44] app-docker.js not running.
[2025-03-30 12:15:46] app-docker.js not running.
[2025-03-30 12:15:48] app-docker.js not running.
[2025-03-30 12:15:50] app-docker.js not running.
[2025-03-30 12:15:52] app-docker.js not running.
[2025-03-30 12:15:54] app-docker.js not running.
[2025-03-30 12:15:56] app-docker.js not running.
[2025-03-30 12:15:58] app-docker.js not running.
[2025-03-30 12:16:00] app-docker.js not running.
[2025-03-30 12:16:02] app-docker.js not running.
[2025-03-30 12:16:04] app-docker.js not running.
[2025-03-30 12:16:06] app-docker.js not running.
[2025-03-30 12:16:08] app-docker.js not running.
[2025-03-30 12:16:10] app-docker.js not running.
[2025-03-30 12:16:12] app-docker.js not running.
[2025-03-30 12:16:14] app-docker.js not running.
[2025-03-30 12:16:16] app-docker.js not running.
[2025-03-30 12:16:18] app-docker.js not running.
[2025-03-30 12:16:20] app-docker.js not running.
[2025-03-30 12:16:23] app-docker.js not running.
[2025-03-30 12:16:25] app-docker.js not running.
[2025-03-30 12:16:27] app-docker.js not running.
[2025-03-30 12:16:29] app-docker.js not running.
[2025-03-30 12:16:31] app-docker.js not running.
[2025-03-30 12:16:33] app-docker.js not running.
[2025-03-30 12:16:35] app-docker.js not running.
[2025-03-30 12:16:37] app-docker.js not running.
[2025-03-30 12:16:39] app-docker.js not running.
[2025-03-30 12:16:41] app-docker.js not running.
[2025-03-30 12:16:43] app-docker.js not running.
[2025-03-30 12:16:45] app-docker.js not running.
[2025-03-30 12:16:47] app-docker.js not running.
[2025-03-30 12:16:49] app-docker.js not running.
[2025-03-30 12:16:51] app-docker.js not running.
[2025-03-30 12:16:53] app-docker.js not running.
[2025-03-30 12:16:55] app-docker.js not running.
[2025-03-30 12:16:57] app-docker.js not running.
[2025-03-30 12:16:59] app-docker.js not running.
[2025-03-30 12:17:01] app-docker.js not running.
[2025-03-30 12:17:03] app-docker.js not running.
[2025-03-30 12:17:05] app-docker.js not running.
[2025-03-30 12:17:07] app-docker.js not running.
[2025-03-30 12:17:09] app-docker.js not running.
[2025-03-30 12:17:11] app-docker.js not running.
[2025-03-30 12:17:13] app-docker.js not running.
[2025-03-30 12:17:15] app-docker.js not running.
[2025-03-30 12:17:17] app-docker.js not running.
[2025-03-30 12:17:19] app-docker.js not running.
[2025-03-30 12:17:21] app-docker.js not running.
[2025-03-30 12:17:23] app-docker.js not running.
[2025-03-30 12:17:25] app-docker.js not running.
[2025-03-30 12:17:27] app-docker.js not running.
[2025-03-30 12:17:29] app-docker.js not running.
[2025-03-30 12:17:31] app-docker.js not running.
[2025-03-30 12:17:33] app-docker.js not running.
[2025-03-30 12:17:35] app-docker.js not running.
[2025-03-30 12:17:37] app-docker.js not running.
[2025-03-30 12:17:40] app-docker.js not running.
[2025-03-30 12:17:42] app-docker.js not running.
[2025-03-30 12:17:44] app-docker.js not running.
[2025-03-30 12:17:46] app-docker.js not running.
[2025-03-30 12:17:48] app-docker.js not running.
[2025-03-30 12:17:50] app-docker.js not running.
[2025-03-30 12:17:52] app-docker.js not running.
[2025-03-30 12:17:54] app-docker.js not running.
[2025-03-30 12:17:56] app-docker.js not running.
[2025-03-30 12:17:58] app-docker.js not running.
[2025-03-30 12:18:00] app-docker.js not running.
[2025-03-30 12:18:02] app-docker.js not running.
[2025-03-30 12:18:04] app-docker.js not running.
[2025-03-30 12:18:06] app-docker.js not running.
[2025-03-30 12:18:08] app-docker.js not running.
[2025-03-30 12:18:10] app-docker.js not running.
[2025-03-30 12:18:12] app-docker.js not running.
[2025-03-30 12:18:14] app-docker.js not running.
[2025-03-30 12:18:16] app-docker.js not running.
[2025-03-30 12:18:18] app-docker.js not running.
[2025-03-30 12:18:20] app-docker.js not running.
[2025-03-30 12:18:22] app-docker.js not running.
[2025-03-30 12:18:24] app-docker.js not running.
[2025-03-30 12:18:26] app-docker.js not running.
[2025-03-30 12:18:28] app-docker.js not running.
[2025-03-30 12:18:30] app-docker.js not running.
[2025-03-30 12:18:32] app-docker.js not running.
[2025-03-30 12:18:34] app-docker.js not running.
[2025-03-30 12:18:36] app-docker.js not running.
[2025-03-30 12:18:38] app-docker.js not running.
[2025-03-30 12:18:40] app-docker.js not running.
[2025-03-30 12:18:42] app-docker.js not running.
[2025-03-30 12:18:44] app-docker.js not running.
[2025-03-30 12:18:46] app-docker.js not running.
[2025-03-30 12:18:48] app-docker.js not running.
[2025-03-30 12:18:50] app-docker.js not running.
[2025-03-30 12:18:52] app-docker.js not running.
[2025-03-30 12:18:55] app-docker.js not running.
[2025-03-30 12:18:57] app-docker.js not running.
[2025-03-30 12:18:59] app-docker.js not running.
[2025-03-30 12:19:01] app-docker.js not running.
[2025-03-30 12:19:03] app-docker.js not running.
[2025-03-30 12:19:05] app-docker.js not running.
[2025-03-30 12:19:07] app-docker.js not running.
[2025-03-30 12:19:09] app-docker.js not running.
[2025-03-30 12:19:11] app-docker.js not running.
[2025-03-30 12:19:13] app-docker.js not running.
[2025-03-30 12:19:15] app-docker.js not running.
[2025-03-30 12:19:17] app-docker.js not running.
[2025-03-30 12:19:19] app-docker.js not running.
[2025-03-30 12:19:21] app-docker.js not running.
[2025-03-30 12:19:23] app-docker.js not running.
[2025-03-30 12:19:25] app-docker.js not running.
[2025-03-30 12:19:27] app-docker.js not running.
[2025-03-30 12:19:29] app-docker.js not running.
[2025-03-30 12:19:31] app-docker.js not running.
[2025-03-30 12:19:33] app-docker.js not running.
[2025-03-30 12:19:35] app-docker.js not running.
[2025-03-30 12:19:37] app-docker.js not running.
[2025-03-30 12:19:39] app-docker.js not running.
[2025-03-30 12:19:41] app-docker.js not running.
[2025-03-30 12:19:43] app-docker.js not running.
[2025-03-30 12:19:45] app-docker.js not running.
[2025-03-30 12:19:47] app-docker.js not running.
[2025-03-30 12:19:49] app-docker.js not running.
[2025-03-30 12:19:51] app-docker.js not running.
[2025-03-30 12:19:53] app-docker.js not running.
[2025-03-30 12:19:55] app-docker.js not running.
[2025-03-30 12:19:57] app-docker.js not running.
[2025-03-30 12:19:59] app-docker.js not running.
[2025-03-30 12:20:01] app-docker.js not running.
[2025-03-30 12:20:03] app-docker.js not running.
[2025-03-30 12:20:05] app-docker.js not running.
[2025-03-30 12:20:08] app-docker.js not running.
[2025-03-30 12:20:10] app-docker.js not running.
[2025-03-30 12:20:12] app-docker.js not running.
[2025-03-30 12:20:14] app-docker.js not running.
[2025-03-30 12:20:16] app-docker.js not running.
[2025-03-30 12:20:18] app-docker.js not running.
[2025-03-30 12:20:20] app-docker.js not running.
[2025-03-30 12:20:22] app-docker.js not running.
[2025-03-30 12:20:24] app-docker.js not running.
[2025-03-30 12:20:26] app-docker.js not running.
[2025-03-30 12:20:28] app-docker.js not running.
[2025-03-30 12:20:30] app-docker.js not running.
[2025-03-30 12:20:32] app-docker.js not running.
[2025-03-30 12:20:34] app-docker.js not running.
[2025-03-30 12:20:36] app-docker.js not running.
[2025-03-30 12:20:38] app-docker.js not running.
[2025-03-30 12:20:40] app-docker.js not running.
[2025-03-30 12:20:42] app-docker.js not running.
[2025-03-30 12:20:44] app-docker.js not running.
[2025-03-30 12:20:46] app-docker.js not running.
[2025-03-30 12:20:48] app-docker.js not running.
[2025-03-30 12:20:50] app-docker.js not running.
[2025-03-30 12:20:52] app-docker.js not running.
[2025-03-30 12:20:54] app-docker.js not running.
[2025-03-30 12:20:56] app-docker.js not running.
[2025-03-30 12:20:58] app-docker.js not running.
[2025-03-30 12:21:00] app-docker.js not running.
[2025-03-30 12:21:02] app-docker.js not running.
[2025-03-30 12:21:04] app-docker.js not running.
[2025-03-30 12:21:06] app-docker.js not running.
[2025-03-30 12:21:08] app-docker.js not running.
[2025-03-30 12:21:10] app-docker.js not running.
[2025-03-30 12:21:12] app-docker.js not running.
[2025-03-30 12:21:14] app-docker.js not running.
[2025-03-30 12:21:16] app-docker.js not running.
[2025-03-30 12:21:18] app-docker.js not running.
[2025-03-30 12:21:21] app-docker.js not running.
[2025-03-30 12:21:23] app-docker.js not running.
[2025-03-30 12:21:25] app-docker.js not running.
[2025-03-30 12:21:27] app-docker.js not running.
[2025-03-30 12:21:29] app-docker.js not running.
[2025-03-30 12:21:31] app-docker.js not running.
[2025-03-30 12:21:33] app-docker.js not running.
[2025-03-30 12:21:35] app-docker.js not running.
[2025-03-30 12:21:37] app-docker.js not running.
[2025-03-30 12:21:39] app-docker.js not running.
[2025-03-30 12:21:41] app-docker.js not running.
[2025-03-30 12:21:43] app-docker.js not running.
[2025-03-30 12:21:45] app-docker.js not running.
[2025-03-30 12:21:47] app-docker.js not running.
[2025-03-30 12:21:49] app-docker.js not running.
[2025-03-30 14:58:11] ALERT: PID 322668 CPU=0% MEM=62MB | System MEM=6004MB
[2025-03-30 14:58:11] 🔪 Killing app-docker.js (PID 322668)
[2025-03-30 14:58:11] app-docker.js killed.
[2025-03-30 14:58:11] ℹ️  No stress script running.
[2025-03-30 14:58:11] SYSTEM ALERT: Total memory usage = 6004MB
[2025-03-30 14:58:13] app-docker.js not running.
[2025-03-30 14:58:15] app-docker.js not running.
[2025-03-30 14:58:18] app-docker.js not running.
[2025-03-30 14:58:20] app-docker.js not running.
[2025-03-30 14:58:22] app-docker.js not running.
[2025-03-30 14:58:24] app-docker.js not running.
[2025-03-30 14:58:26] app-docker.js not running.
[2025-03-30 14:58:28] app-docker.js not running.
[2025-03-30 14:58:30] app-docker.js not running.
[2025-03-30 14:58:32] app-docker.js not running.
[2025-03-30 14:58:34] app-docker.js not running.
[2025-03-30 14:58:36] app-docker.js not running.
[2025-03-30 14:58:38] app-docker.js not running.
[2025-03-30 14:58:40] app-docker.js not running.
[2025-03-30 14:58:42] app-docker.js not running.
[2025-03-30 14:58:44] app-docker.js not running.
[2025-03-30 14:58:46] app-docker.js not running.
[2025-03-30 14:58:48] app-docker.js not running.
[2025-03-30 14:58:50] app-docker.js not running.
[2025-03-30 14:58:52] app-docker.js not running.
[2025-03-30 14:58:54] app-docker.js not running.
[2025-03-30 14:58:56] app-docker.js not running.
[2025-03-30 14:58:58] app-docker.js not running.
[2025-03-30 14:59:00] app-docker.js not running.
[2025-03-30 14:59:02] app-docker.js not running.
[2025-03-30 14:59:04] app-docker.js not running.
[2025-03-30 14:59:06] app-docker.js not running.
[2025-03-30 14:59:08] app-docker.js not running.
[2025-03-30 14:59:10] app-docker.js not running.
[2025-03-30 14:59:12] app-docker.js not running.
[2025-03-30 14:59:14] app-docker.js not running.
[2025-03-30 14:59:16] app-docker.js not running.
[2025-03-30 14:59:18] app-docker.js not running.
[2025-03-30 14:59:20] app-docker.js not running.
[2025-03-30 14:59:22] app-docker.js not running.
[2025-03-30 14:59:25] app-docker.js not running.
[2025-03-30 14:59:27] app-docker.js not running.
[2025-03-30 14:59:29] app-docker.js not running.
[2025-03-30 14:59:31] app-docker.js not running.
[2025-03-30 14:59:33] app-docker.js not running.
[2025-03-30 14:59:35] app-docker.js not running.
[2025-03-30 14:59:37] app-docker.js not running.
[2025-03-30 14:59:39] app-docker.js not running.
[2025-03-30 14:59:41] app-docker.js not running.
[2025-03-30 14:59:43] app-docker.js not running.
[2025-03-30 14:59:45] app-docker.js not running.
[2025-03-30 14:59:47] app-docker.js not running.
[2025-03-30 14:59:49] app-docker.js not running.
[2025-03-30 14:59:51] app-docker.js not running.
[2025-03-30 14:59:53] app-docker.js not running.
[2025-03-30 14:59:55] app-docker.js not running.
[2025-03-30 14:59:57] app-docker.js not running.
[2025-03-30 14:59:59] app-docker.js not running.
[2025-03-30 15:00:01] app-docker.js not running.
[2025-03-30 15:00:03] app-docker.js not running.
[2025-03-30 15:00:05] app-docker.js not running.
[2025-03-30 15:00:07] app-docker.js not running.
[2025-03-30 15:00:09] app-docker.js not running.
[2025-03-30 15:00:11] app-docker.js not running.
[2025-03-30 15:00:13] app-docker.js not running.
[2025-03-30 15:00:15] app-docker.js not running.
[2025-03-30 15:00:17] app-docker.js not running.
[2025-03-30 15:00:19] app-docker.js not running.
[2025-03-30 15:00:21] app-docker.js not running.
[2025-03-30 15:00:23] app-docker.js not running.
[2025-03-30 15:00:25] app-docker.js not running.
[2025-03-30 15:00:27] app-docker.js not running.
[2025-03-30 15:00:29] app-docker.js not running.
[2025-03-30 15:00:31] app-docker.js not running.
[2025-03-30 15:00:34] app-docker.js not running.
[2025-03-30 15:00:36] app-docker.js not running.
[2025-03-30 15:00:38] app-docker.js not running.
[2025-03-30 15:00:40] app-docker.js not running.
[2025-03-30 15:00:42] app-docker.js not running.
[2025-03-30 15:00:44] app-docker.js not running.
[2025-03-30 15:00:46] app-docker.js not running.
[2025-03-30 15:00:48] app-docker.js not running.
[2025-03-30 15:00:50] app-docker.js not running.
[2025-03-30 15:00:52] app-docker.js not running.
[2025-03-30 15:00:54] app-docker.js not running.
[2025-03-30 15:00:56] app-docker.js not running.
[2025-03-30 15:00:58] app-docker.js not running.
[2025-03-30 15:01:00] app-docker.js not running.
[2025-03-30 15:01:02] app-docker.js not running.
[2025-03-30 15:01:04] app-docker.js not running.
[2025-03-30 15:01:06] app-docker.js not running.
[2025-03-30 15:01:08] app-docker.js not running.
[2025-03-30 15:01:10] app-docker.js not running.
[2025-03-30 15:01:12] app-docker.js not running.
[2025-03-30 15:01:14] app-docker.js not running.
[2025-03-30 15:01:16] app-docker.js not running.
[2025-03-30 15:01:18] app-docker.js not running.
[2025-03-30 15:01:20] app-docker.js not running.
[2025-03-30 15:01:22] app-docker.js not running.
[2025-03-30 15:01:24] app-docker.js not running.
[2025-03-30 15:01:26] app-docker.js not running.
[2025-03-30 15:01:28] app-docker.js not running.
[2025-03-30 15:01:30] app-docker.js not running.
[2025-03-30 15:01:32] app-docker.js not running.
[2025-03-30 15:01:34] app-docker.js not running.
[2025-03-30 15:01:36] app-docker.js not running.
[2025-03-30 15:01:38] app-docker.js not running.
[2025-03-30 15:01:40] app-docker.js not running.
[2025-03-30 15:01:42] app-docker.js not running.
[2025-03-30 15:01:44] app-docker.js not running.
[2025-03-30 15:01:47] app-docker.js not running.
[2025-03-30 15:01:49] app-docker.js not running.
[2025-03-30 15:01:51] app-docker.js not running.
[2025-03-30 15:01:53] app-docker.js not running.
[2025-03-30 15:01:55] app-docker.js not running.
[2025-03-30 15:01:57] app-docker.js not running.
[2025-03-30 15:01:59] app-docker.js not running.
[2025-03-30 15:02:01] app-docker.js not running.
[2025-03-30 15:02:03] app-docker.js not running.
[2025-03-30 15:02:05] app-docker.js not running.
[2025-03-30 15:02:07] app-docker.js not running.
[2025-03-30 15:02:09] app-docker.js not running.
[2025-03-30 15:02:11] app-docker.js not running.
[2025-03-30 15:02:13] app-docker.js not running.
[2025-03-30 15:02:15] app-docker.js not running.
[2025-03-30 15:02:17] app-docker.js not running.
[2025-03-30 15:02:19] app-docker.js not running.
[2025-03-30 15:02:21] app-docker.js not running.
[2025-03-30 15:02:23] app-docker.js not running.
[2025-03-30 15:02:25] app-docker.js not running.
[2025-03-30 15:02:27] app-docker.js not running.
[2025-03-30 15:02:29] app-docker.js not running.
[2025-03-30 15:02:31] app-docker.js not running.
[2025-03-30 15:02:33] app-docker.js not running.
[2025-03-30 15:02:35] app-docker.js not running.
[2025-03-30 15:02:37] app-docker.js not running.
[2025-03-30 15:02:39] app-docker.js not running.
[2025-03-30 15:02:41] app-docker.js not running.
[2025-03-30 15:02:43] app-docker.js not running.
[2025-03-30 15:02:45] app-docker.js not running.
[2025-03-30 15:02:47] app-docker.js not running.
[2025-03-30 15:02:50] app-docker.js not running.
[2025-03-30 15:02:52] app-docker.js not running.
[2025-03-30 15:02:54] app-docker.js not running.
[2025-03-30 15:02:56] app-docker.js not running.
[2025-03-30 15:02:58] app-docker.js not running.
[2025-03-30 15:03:00] app-docker.js not running.
[2025-03-30 15:03:02] app-docker.js not running.
[2025-03-30 15:03:04] app-docker.js not running.
[2025-03-30 15:03:06] app-docker.js not running.
[2025-03-30 15:03:08] app-docker.js not running.
[2025-03-30 15:03:10] app-docker.js not running.
[2025-03-30 15:03:12] app-docker.js not running.
[2025-03-30 15:03:14] app-docker.js not running.
[2025-03-30 15:03:16] app-docker.js not running.
[2025-03-30 15:03:18] app-docker.js not running.
[2025-03-30 15:03:20] app-docker.js not running.
[2025-03-30 15:03:22] app-docker.js not running.
[2025-03-30 15:03:24] app-docker.js not running.
[2025-03-30 15:03:26] app-docker.js not running.
[2025-03-30 15:03:28] app-docker.js not running.
[2025-03-30 15:03:30] app-docker.js not running.
[2025-03-30 15:03:32] app-docker.js not running.
[2025-03-30 15:03:34] app-docker.js not running.
[2025-03-30 15:03:36] app-docker.js not running.
[2025-03-30 15:03:38] app-docker.js not running.
[2025-03-30 15:03:40] app-docker.js not running.
[2025-03-30 15:03:42] app-docker.js not running.
[2025-03-30 15:03:44] app-docker.js not running.
[2025-03-30 15:03:46] app-docker.js not running.
[2025-03-30 15:03:48] app-docker.js not running.
[2025-03-30 15:03:50] app-docker.js not running.
[2025-03-30 15:03:52] app-docker.js not running.
[2025-03-30 15:03:54] app-docker.js not running.
[2025-03-30 15:03:56] app-docker.js not running.
[2025-03-30 15:03:59] app-docker.js not running.
[2025-03-30 15:04:01] app-docker.js not running.
[2025-03-30 15:04:03] app-docker.js not running.
[2025-03-30 15:04:05] app-docker.js not running.
[2025-03-30 15:04:07] app-docker.js not running.
[2025-03-30 15:04:09] app-docker.js not running.
[2025-03-30 15:04:11] app-docker.js not running.
[2025-03-30 15:04:13] app-docker.js not running.
[2025-03-30 15:04:15] app-docker.js not running.
[2025-03-30 15:04:17] app-docker.js not running.
[2025-03-30 15:04:19] app-docker.js not running.
[2025-03-30 15:04:21] app-docker.js not running.
[2025-03-30 15:04:23] app-docker.js not running.
[2025-03-30 15:04:25] app-docker.js not running.
[2025-03-30 15:04:27] app-docker.js not running.
[2025-03-30 15:04:29] app-docker.js not running.
[2025-03-30 15:04:31] app-docker.js not running.
[2025-03-30 15:04:33] app-docker.js not running.
[2025-03-30 15:04:35] app-docker.js not running.
[2025-03-30 15:04:37] app-docker.js not running.
[2025-03-30 15:04:39] app-docker.js not running.
[2025-03-30 15:04:41] app-docker.js not running.
[2025-03-30 15:04:43] app-docker.js not running.
[2025-03-30 15:04:45] app-docker.js not running.
[2025-03-30 15:04:47] app-docker.js not running.
[2025-03-30 15:04:49] app-docker.js not running.
[2025-03-30 15:04:51] app-docker.js not running.
[2025-03-30 15:04:53] app-docker.js not running.
[2025-03-30 15:04:55] app-docker.js not running.
[2025-03-30 15:04:57] app-docker.js not running.
[2025-03-30 15:04:59] app-docker.js not running.
[2025-03-30 15:05:01] app-docker.js not running.
[2025-03-30 15:05:03] app-docker.js not running.
[2025-03-30 15:05:05] app-docker.js not running.
[2025-03-30 15:05:08] app-docker.js not running.
[2025-03-30 15:05:10] app-docker.js not running.
[2025-03-30 15:05:12] app-docker.js not running.
[2025-03-30 15:05:14] app-docker.js not running.
[2025-03-30 15:05:16] app-docker.js not running.
[2025-03-30 15:05:18] app-docker.js not running.
[2025-03-30 15:05:20] app-docker.js not running.
[2025-03-30 15:05:22] app-docker.js not running.
[2025-03-30 15:05:24] app-docker.js not running.
[2025-03-30 15:05:26] app-docker.js not running.
[2025-03-30 15:05:28] app-docker.js not running.
[2025-03-30 15:05:30] app-docker.js not running.
[2025-03-30 15:05:32] app-docker.js not running.
[2025-03-30 15:05:34] app-docker.js not running.
[2025-03-30 15:05:36] app-docker.js not running.
[2025-03-30 15:05:38] app-docker.js not running.
[2025-03-30 15:05:40] app-docker.js not running.
[2025-03-30 15:05:42] app-docker.js not running.
[2025-03-30 15:05:44] app-docker.js not running.
[2025-03-30 15:05:46] app-docker.js not running.
[2025-03-30 15:05:48] app-docker.js not running.
[2025-03-30 15:05:50] app-docker.js not running.
[2025-03-30 15:05:52] app-docker.js not running.
[2025-03-30 15:05:54] app-docker.js not running.
[2025-03-30 15:05:56] app-docker.js not running.
[2025-03-30 15:05:58] app-docker.js not running.
[2025-03-30 15:06:00] app-docker.js not running.
[2025-03-30 15:06:02] app-docker.js not running.
[2025-03-30 15:06:04] app-docker.js not running.
[2025-03-30 15:06:06] app-docker.js not running.
[2025-03-30 15:06:08] app-docker.js not running.
[2025-03-30 15:06:10] app-docker.js not running.
[2025-03-30 15:06:13] app-docker.js not running.
[2025-03-30 15:06:15] app-docker.js not running.
[2025-03-30 15:06:17] app-docker.js not running.
[2025-03-30 15:06:19] app-docker.js not running.
[2025-03-30 15:06:21] app-docker.js not running.
[2025-03-30 15:06:23] app-docker.js not running.
[2025-03-30 15:06:25] app-docker.js not running.
[2025-03-30 15:06:27] app-docker.js not running.
[2025-03-30 15:06:29] app-docker.js not running.
[2025-03-30 15:06:31] app-docker.js not running.
[2025-03-30 15:06:33] app-docker.js not running.
[2025-03-30 15:06:35] app-docker.js not running.
[2025-03-30 15:06:37] app-docker.js not running.
[2025-03-30 15:06:39] app-docker.js not running.
[2025-03-30 15:06:41] app-docker.js not running.
[2025-03-30 15:06:43] app-docker.js not running.
[2025-03-30 15:06:45] app-docker.js not running.
[2025-03-30 15:06:47] app-docker.js not running.
[2025-03-30 15:06:49] app-docker.js not running.
[2025-03-30 15:06:51] app-docker.js not running.
[2025-03-30 15:06:53] app-docker.js not running.
[2025-03-30 15:06:55] app-docker.js not running.
[2025-03-30 15:06:57] app-docker.js not running.
[2025-03-30 15:06:59] app-docker.js not running.
[2025-03-30 15:07:01] app-docker.js not running.
[2025-03-30 15:07:03] app-docker.js not running.
[2025-03-30 15:07:05] app-docker.js not running.
[2025-03-30 15:07:07] app-docker.js not running.
[2025-03-30 15:07:09] app-docker.js not running.
[2025-03-30 15:07:11] app-docker.js not running.
[2025-03-30 15:07:13] app-docker.js not running.
[2025-03-30 15:07:15] app-docker.js not running.
[2025-03-30 15:07:17] app-docker.js not running.
[2025-03-30 15:07:19] app-docker.js not running.
[2025-03-30 15:07:21] app-docker.js not running.
[2025-03-30 15:07:24] app-docker.js not running.
[2025-03-30 15:07:26] app-docker.js not running.
[2025-03-30 15:07:28] app-docker.js not running.
[2025-03-30 15:07:30] app-docker.js not running.
[2025-03-30 15:07:32] app-docker.js not running.
[2025-03-30 15:07:34] app-docker.js not running.
[2025-03-30 15:07:36] app-docker.js not running.
[2025-03-30 15:07:38] app-docker.js not running.
[2025-03-30 15:07:40] app-docker.js not running.
[2025-03-30 15:07:42] app-docker.js not running.
[2025-03-30 15:07:44] app-docker.js not running.
[2025-03-30 15:07:46] app-docker.js not running.
[2025-03-30 15:07:48] app-docker.js not running.
[2025-03-30 15:07:50] app-docker.js not running.
[2025-03-30 15:07:52] app-docker.js not running.
[2025-03-30 15:07:54] app-docker.js not running.
[2025-03-30 15:07:56] app-docker.js not running.
[2025-03-30 15:07:58] app-docker.js not running.
[2025-03-30 15:08:00] app-docker.js not running.
[2025-03-30 15:08:02] app-docker.js not running.
[2025-03-30 15:08:04] app-docker.js not running.
[2025-03-30 15:08:06] app-docker.js not running.
[2025-03-30 15:08:08] app-docker.js not running.
[2025-03-30 15:08:10] app-docker.js not running.
[2025-03-30 15:08:12] app-docker.js not running.
[2025-03-30 15:08:14] app-docker.js not running.
[2025-03-30 15:08:16] app-docker.js not running.
[2025-03-30 15:08:18] app-docker.js not running.
[2025-03-30 15:08:20] app-docker.js not running.
[2025-03-30 15:08:22] app-docker.js not running.
[2025-03-30 15:08:24] app-docker.js not running.
[2025-03-30 15:08:26] app-docker.js not running.
[2025-03-30 15:08:28] app-docker.js not running.
[2025-03-30 15:08:30] app-docker.js not running.
[2025-03-30 15:08:33] app-docker.js not running.
[2025-03-30 15:08:35] app-docker.js not running.
[2025-03-30 15:08:37] app-docker.js not running.
[2025-03-30 15:08:39] app-docker.js not running.
[2025-03-30 15:08:41] app-docker.js not running.
[2025-03-30 15:08:43] app-docker.js not running.
[2025-03-30 15:08:45] app-docker.js not running.
[2025-03-30 15:08:47] app-docker.js not running.
[2025-03-30 15:08:49] app-docker.js not running.
[2025-03-30 15:08:51] app-docker.js not running.
[2025-03-30 15:08:53] app-docker.js not running.
[2025-03-30 15:08:55] app-docker.js not running.
[2025-03-30 15:08:57] app-docker.js not running.
[2025-03-30 15:08:59] app-docker.js not running.
[2025-03-30 15:09:01] app-docker.js not running.
[2025-03-30 15:09:03] app-docker.js not running.
[2025-03-30 15:09:05] app-docker.js not running.
[2025-03-30 15:09:07] app-docker.js not running.
[2025-03-30 15:09:09] app-docker.js not running.
[2025-03-30 15:09:11] app-docker.js not running.
[2025-03-30 15:09:13] app-docker.js not running.
[2025-03-30 15:09:15] app-docker.js not running.
[2025-03-30 15:09:17] app-docker.js not running.
[2025-03-30 15:09:19] app-docker.js not running.
[2025-03-30 15:09:21] app-docker.js not running.
[2025-03-30 15:09:23] app-docker.js not running.
[2025-03-30 15:09:25] app-docker.js not running.
[2025-03-30 15:09:27] app-docker.js not running.
[2025-03-30 15:09:29] app-docker.js not running.
[2025-03-30 15:09:31] app-docker.js not running.
[2025-03-30 15:09:33] app-docker.js not running.
[2025-03-30 15:09:35] app-docker.js not running.
[2025-03-30 15:09:37] app-docker.js not running.
[2025-03-30 15:09:39] app-docker.js not running.
[2025-03-30 15:09:42] app-docker.js not running.
[2025-03-30 15:09:44] app-docker.js not running.
[2025-03-30 15:09:46] app-docker.js not running.
[2025-03-30 15:09:48] app-docker.js not running.
[2025-03-30 15:09:50] app-docker.js not running.
[2025-03-30 15:09:52] app-docker.js not running.
[2025-03-30 15:09:54] app-docker.js not running.
[2025-03-30 15:09:56] app-docker.js not running.
[2025-03-30 15:09:58] app-docker.js not running.
[2025-03-30 15:10:00] app-docker.js not running.
[2025-03-30 15:10:02] app-docker.js not running.
[2025-03-30 15:10:04] app-docker.js not running.
[2025-03-30 15:10:06] app-docker.js not running.
[2025-03-30 15:10:08] app-docker.js not running.
[2025-03-30 15:10:10] app-docker.js not running.
[2025-03-30 15:10:12] app-docker.js not running.
[2025-03-30 15:10:14] app-docker.js not running.
[2025-03-30 15:10:16] app-docker.js not running.
[2025-03-30 15:10:18] app-docker.js not running.
[2025-03-30 15:10:20] app-docker.js not running.
[2025-03-30 15:10:22] app-docker.js not running.
[2025-03-30 15:10:24] app-docker.js not running.
[2025-03-30 15:10:26] app-docker.js not running.
[2025-03-30 15:10:28] app-docker.js not running.
[2025-03-30 15:10:30] app-docker.js not running.
[2025-03-30 15:10:32] app-docker.js not running.
[2025-03-30 15:10:34] app-docker.js not running.
[2025-03-30 15:10:36] app-docker.js not running.
[2025-03-30 15:10:38] app-docker.js not running.
[2025-03-30 15:10:40] app-docker.js not running.
[2025-03-30 15:10:42] app-docker.js not running.
[2025-03-30 15:10:44] app-docker.js not running.
[2025-03-30 15:10:46] app-docker.js not running.
[2025-03-30 15:10:48] app-docker.js not running.
[2025-03-30 15:10:51] app-docker.js not running.
[2025-03-30 15:10:53] app-docker.js not running.
[2025-03-30 15:10:55] app-docker.js not running.
[2025-03-30 15:10:57] app-docker.js not running.
[2025-03-30 15:10:59] app-docker.js not running.
[2025-03-30 15:11:01] app-docker.js not running.
[2025-03-30 15:11:03] app-docker.js not running.
[2025-03-30 15:11:05] app-docker.js not running.
[2025-03-30 15:11:07] app-docker.js not running.
[2025-03-30 15:11:09] app-docker.js not running.
[2025-03-30 15:11:11] app-docker.js not running.
[2025-03-30 15:11:13] app-docker.js not running.
[2025-03-30 15:11:15] app-docker.js not running.
[2025-03-30 15:11:17] app-docker.js not running.
[2025-03-30 15:11:19] app-docker.js not running.
[2025-03-30 15:11:21] app-docker.js not running.
[2025-03-30 15:11:23] app-docker.js not running.
[2025-03-30 15:11:25] app-docker.js not running.
[2025-03-30 15:11:27] app-docker.js not running.
[2025-03-30 15:11:29] app-docker.js not running.
[2025-03-30 15:11:31] app-docker.js not running.
[2025-03-30 15:11:33] app-docker.js not running.
[2025-03-30 15:11:35] app-docker.js not running.
[2025-03-30 15:11:37] app-docker.js not running.
[2025-03-30 15:11:39] app-docker.js not running.
[2025-03-30 15:11:41] app-docker.js not running.
[2025-03-30 15:11:43] app-docker.js not running.
[2025-03-30 15:11:45] app-docker.js not running.
[2025-03-30 15:11:47] app-docker.js not running.
[2025-03-30 15:11:49] app-docker.js not running.
[2025-03-30 15:11:51] app-docker.js not running.
[2025-03-30 15:11:53] app-docker.js not running.
[2025-03-30 15:11:56] app-docker.js not running.
[2025-03-30 15:11:58] app-docker.js not running.
[2025-03-30 15:12:00] app-docker.js not running.
[2025-03-30 15:12:02] app-docker.js not running.
[2025-03-30 15:12:04] app-docker.js not running.
[2025-03-30 15:12:06] app-docker.js not running.
[2025-03-30 15:12:08] app-docker.js not running.
[2025-03-30 15:12:10] app-docker.js not running.
[2025-03-30 15:12:12] app-docker.js not running.
[2025-03-30 15:12:14] app-docker.js not running.
[2025-03-30 15:12:16] app-docker.js not running.
[2025-03-30 15:12:18] app-docker.js not running.
[2025-03-30 15:12:20] app-docker.js not running.
[2025-03-30 15:12:22] app-docker.js not running.
[2025-03-30 15:12:24] app-docker.js not running.
[2025-03-30 15:12:26] app-docker.js not running.
[2025-03-30 15:12:28] app-docker.js not running.
[2025-03-30 15:12:30] app-docker.js not running.
[2025-03-30 15:12:32] app-docker.js not running.
[2025-03-30 15:12:34] app-docker.js not running.
[2025-03-30 15:12:36] app-docker.js not running.
[2025-03-30 15:12:38] app-docker.js not running.
[2025-03-30 15:12:40] app-docker.js not running.
[2025-03-30 15:12:42] app-docker.js not running.
[2025-03-30 15:12:44] app-docker.js not running.
[2025-03-30 15:12:46] app-docker.js not running.
[2025-03-30 15:12:48] app-docker.js not running.
[2025-03-30 15:12:50] app-docker.js not running.
[2025-03-30 15:12:52] app-docker.js not running.
[2025-03-30 15:12:54] app-docker.js not running.
[2025-03-30 15:12:56] app-docker.js not running.
[2025-03-30 15:12:58] app-docker.js not running.
[2025-03-30 15:13:00] app-docker.js not running.
[2025-03-30 15:13:02] app-docker.js not running.
[2025-03-30 15:13:04] app-docker.js not running.
[2025-03-30 15:13:07] app-docker.js not running.
[2025-03-30 15:13:09] app-docker.js not running.
[2025-03-30 15:13:11] app-docker.js not running.
[2025-03-30 15:13:13] app-docker.js not running.
[2025-03-30 15:13:15] app-docker.js not running.
[2025-03-30 15:13:17] app-docker.js not running.
[2025-03-30 15:13:19] app-docker.js not running.
[2025-03-30 15:13:21] app-docker.js not running.
[2025-03-30 15:13:23] app-docker.js not running.
[2025-03-30 15:13:25] app-docker.js not running.
[2025-03-30 15:13:27] app-docker.js not running.
[2025-03-30 15:13:29] app-docker.js not running.
[2025-03-30 15:13:31] app-docker.js not running.
[2025-03-30 15:13:33] app-docker.js not running.
[2025-03-30 15:13:35] app-docker.js not running.
[2025-03-30 15:13:37] app-docker.js not running.
[2025-03-30 15:13:39] app-docker.js not running.
[2025-03-30 15:13:41] app-docker.js not running.
[2025-03-30 15:13:43] app-docker.js not running.
[2025-03-30 15:13:45] app-docker.js not running.
[2025-03-30 15:13:47] app-docker.js not running.
[2025-03-30 15:13:49] app-docker.js not running.
[2025-03-30 15:13:51] app-docker.js not running.
[2025-03-30 15:13:53] app-docker.js not running.
[2025-03-30 15:13:55] app-docker.js not running.
[2025-03-30 15:13:57] app-docker.js not running.
[2025-03-30 15:13:59] app-docker.js not running.
[2025-03-30 15:14:01] app-docker.js not running.
[2025-03-30 15:14:03] app-docker.js not running.
[2025-03-30 15:14:05] app-docker.js not running.
[2025-03-30 15:14:07] app-docker.js not running.
[2025-03-30 15:14:09] app-docker.js not running.
[2025-03-30 15:14:11] app-docker.js not running.
[2025-03-30 15:14:14] app-docker.js not running.
[2025-03-30 15:14:16] app-docker.js not running.
[2025-03-30 15:14:18] app-docker.js not running.
[2025-03-30 15:14:20] app-docker.js not running.
[2025-03-30 15:14:22] app-docker.js not running.
[2025-03-30 15:14:24] app-docker.js not running.
[2025-03-30 15:14:26] app-docker.js not running.
[2025-03-30 15:14:28] app-docker.js not running.
[2025-03-30 15:14:30] app-docker.js not running.
[2025-03-30 15:14:32] app-docker.js not running.
[2025-03-30 15:14:34] app-docker.js not running.
[2025-03-30 15:14:36] app-docker.js not running.
[2025-03-30 15:14:38] app-docker.js not running.
[2025-03-30 15:14:40] app-docker.js not running.
[2025-03-30 15:14:42] app-docker.js not running.
[2025-03-30 15:14:44] app-docker.js not running.
[2025-03-30 15:14:46] app-docker.js not running.
[2025-03-30 15:14:48] app-docker.js not running.
[2025-03-30 15:14:50] app-docker.js not running.
[2025-03-30 15:14:52] app-docker.js not running.
[2025-03-30 15:14:54] app-docker.js not running.
[2025-03-30 15:14:56] app-docker.js not running.
[2025-03-30 15:14:58] app-docker.js not running.
[2025-03-30 15:15:00] app-docker.js not running.
[2025-03-30 15:15:02] app-docker.js not running.
[2025-03-30 15:15:04] app-docker.js not running.
[2025-03-30 15:15:06] app-docker.js not running.
[2025-03-30 15:15:08] app-docker.js not running.
[2025-03-30 15:15:10] app-docker.js not running.
[2025-03-30 15:15:12] app-docker.js not running.
[2025-03-30 15:15:14] app-docker.js not running.
[2025-03-30 15:15:16] app-docker.js not running.
[2025-03-30 15:15:18] app-docker.js not running.
[2025-03-30 15:15:20] app-docker.js not running.
[2025-03-30 15:15:22] app-docker.js not running.
[2025-03-30 15:15:25] app-docker.js not running.
[2025-03-30 15:15:27] app-docker.js not running.
[2025-03-30 15:15:29] app-docker.js not running.
[2025-03-30 15:15:31] app-docker.js not running.
[2025-03-30 15:15:33] app-docker.js not running.
[2025-03-30 15:15:35] app-docker.js not running.
[2025-03-30 15:15:37] app-docker.js not running.
[2025-03-30 15:15:39] app-docker.js not running.
[2025-03-30 15:15:41] app-docker.js not running.
[2025-03-30 15:15:43] app-docker.js not running.
[2025-03-30 15:15:45] app-docker.js not running.
[2025-03-30 15:15:47] app-docker.js not running.
[2025-03-30 15:15:49] app-docker.js not running.
[2025-03-30 15:15:51] app-docker.js not running.
[2025-03-30 15:15:53] app-docker.js not running.
[2025-03-30 15:15:55] app-docker.js not running.
[2025-03-30 15:15:57] app-docker.js not running.
[2025-03-30 15:15:59] app-docker.js not running.
[2025-03-30 15:16:01] app-docker.js not running.
[2025-03-30 15:16:03] app-docker.js not running.
[2025-03-30 15:16:05] app-docker.js not running.
[2025-03-30 15:16:07] app-docker.js not running.
[2025-03-30 15:16:09] app-docker.js not running.
[2025-03-30 15:16:11] app-docker.js not running.
[2025-03-30 15:16:13] app-docker.js not running.
[2025-03-30 15:16:15] app-docker.js not running.
[2025-03-30 15:16:17] app-docker.js not running.
[2025-03-30 15:16:19] app-docker.js not running.
[2025-03-30 15:16:21] app-docker.js not running.
[2025-03-30 15:16:23] app-docker.js not running.
[2025-03-30 15:16:25] app-docker.js not running.
[2025-03-30 15:16:27] app-docker.js not running.
[2025-03-30 15:16:29] app-docker.js not running.
[2025-03-30 15:16:31] app-docker.js not running.
[2025-03-30 15:16:34] app-docker.js not running.
[2025-03-30 15:16:36] app-docker.js not running.
[2025-03-30 15:16:38] app-docker.js not running.
[2025-03-30 15:16:40] app-docker.js not running.
[2025-03-30 15:16:42] app-docker.js not running.
[2025-03-30 15:16:44] app-docker.js not running.
[2025-03-30 15:16:46] app-docker.js not running.
[2025-03-30 15:16:48] app-docker.js not running.
[2025-03-30 15:16:50] app-docker.js not running.
[2025-03-30 15:16:52] app-docker.js not running.
[2025-03-30 15:16:54] app-docker.js not running.
[2025-03-30 15:16:56] app-docker.js not running.
[2025-03-30 15:16:58] app-docker.js not running.
[2025-03-30 15:17:00] app-docker.js not running.
[2025-03-30 15:17:02] app-docker.js not running.
[2025-03-30 15:17:04] app-docker.js not running.
[2025-03-30 15:17:06] app-docker.js not running.
[2025-03-30 15:17:08] app-docker.js not running.
[2025-03-30 15:17:10] app-docker.js not running.
[2025-03-30 15:17:12] app-docker.js not running.
[2025-03-30 15:17:14] app-docker.js not running.
[2025-03-30 15:17:16] app-docker.js not running.
[2025-03-30 15:17:18] app-docker.js not running.
[2025-03-30 15:17:20] app-docker.js not running.
[2025-03-30 15:17:22] app-docker.js not running.
[2025-03-30 15:17:24] app-docker.js not running.
[2025-03-30 15:17:26] app-docker.js not running.
[2025-03-30 15:17:28] app-docker.js not running.
[2025-03-30 15:17:30] app-docker.js not running.
[2025-03-30 15:17:32] app-docker.js not running.
[2025-03-30 15:17:34] app-docker.js not running.
[2025-03-30 15:17:36] app-docker.js not running.
[2025-03-30 15:17:38] app-docker.js not running.
[2025-03-30 15:17:40] app-docker.js not running.
[2025-03-30 15:17:42] app-docker.js not running.
[2025-03-30 15:17:45] app-docker.js not running.
[2025-03-30 15:17:47] app-docker.js not running.
[2025-03-30 15:17:49] app-docker.js not running.
[2025-03-30 15:17:51] app-docker.js not running.
[2025-03-30 15:17:53] app-docker.js not running.
[2025-03-30 15:17:55] app-docker.js not running.
[2025-03-30 15:17:57] app-docker.js not running.
[2025-03-30 15:17:59] app-docker.js not running.
[2025-03-30 15:18:01] app-docker.js not running.
[2025-03-30 15:18:03] app-docker.js not running.
[2025-03-30 15:18:05] app-docker.js not running.
[2025-03-30 15:18:07] app-docker.js not running.
[2025-03-30 15:18:09] app-docker.js not running.
[2025-03-30 15:18:11] app-docker.js not running.
[2025-03-30 15:18:13] app-docker.js not running.
[2025-03-30 15:18:15] app-docker.js not running.
[2025-03-30 15:18:17] app-docker.js not running.
[2025-03-30 15:18:19] app-docker.js not running.
[2025-03-30 15:18:21] app-docker.js not running.
[2025-03-30 15:18:23] app-docker.js not running.
[2025-03-30 15:18:25] app-docker.js not running.
[2025-03-30 15:18:27] app-docker.js not running.
[2025-03-30 15:18:29] app-docker.js not running.
[2025-03-30 15:18:31] app-docker.js not running.
[2025-03-30 15:18:33] app-docker.js not running.
[2025-03-30 15:18:35] app-docker.js not running.
[2025-03-30 15:18:37] app-docker.js not running.
[2025-03-30 15:18:39] app-docker.js not running.
[2025-03-30 15:18:41] app-docker.js not running.
[2025-03-30 15:18:43] app-docker.js not running.
[2025-03-30 15:18:45] app-docker.js not running.
[2025-03-30 15:18:47] app-docker.js not running.
[2025-03-30 15:18:50] app-docker.js not running.
[2025-03-30 15:18:52] app-docker.js not running.
[2025-03-30 15:18:54] app-docker.js not running.
[2025-03-30 15:18:56] app-docker.js not running.
[2025-03-30 15:18:58] app-docker.js not running.
[2025-03-30 15:19:00] app-docker.js not running.
[2025-03-30 15:19:02] app-docker.js not running.
[2025-03-30 15:19:04] app-docker.js not running.
[2025-03-30 15:19:06] app-docker.js not running.
[2025-03-30 15:19:08] app-docker.js not running.
[2025-03-30 15:19:10] app-docker.js not running.
[2025-03-30 15:19:12] app-docker.js not running.
[2025-03-30 15:19:14] app-docker.js not running.
[2025-03-30 15:19:16] app-docker.js not running.
[2025-03-30 15:19:18] app-docker.js not running.
[2025-03-30 15:19:20] app-docker.js not running.
[2025-03-30 15:19:22] app-docker.js not running.
[2025-03-30 15:19:24] app-docker.js not running.
[2025-03-30 15:19:26] app-docker.js not running.
[2025-03-30 15:19:28] app-docker.js not running.
[2025-03-30 15:19:30] app-docker.js not running.
[2025-03-30 15:19:32] app-docker.js not running.
[2025-03-30 15:19:34] app-docker.js not running.
[2025-03-30 15:19:36] app-docker.js not running.
[2025-03-30 15:19:38] app-docker.js not running.
[2025-03-30 15:19:40] app-docker.js not running.
[2025-03-30 15:19:42] app-docker.js not running.
[2025-03-30 15:19:44] app-docker.js not running.
[2025-03-30 15:19:46] app-docker.js not running.
[2025-03-30 15:19:48] app-docker.js not running.
[2025-03-30 15:19:50] app-docker.js not running.
[2025-03-30 15:19:52] app-docker.js not running.
[2025-03-30 15:19:54] app-docker.js not running.
[2025-03-30 15:19:56] app-docker.js not running.
[2025-03-30 15:19:59] app-docker.js not running.
[2025-03-30 15:20:01] app-docker.js not running.
[2025-03-30 15:20:03] app-docker.js not running.
[2025-03-30 15:20:05] app-docker.js not running.
[2025-03-30 15:20:07] app-docker.js not running.
[2025-03-30 15:20:09] app-docker.js not running.
[2025-03-30 15:20:11] app-docker.js not running.
[2025-03-30 15:20:13] app-docker.js not running.
[2025-03-30 15:20:15] app-docker.js not running.
[2025-03-30 15:20:17] app-docker.js not running.
[2025-03-30 15:20:19] app-docker.js not running.
[2025-03-30 15:20:21] app-docker.js not running.
[2025-03-30 15:20:23] app-docker.js not running.
[2025-03-30 15:20:25] app-docker.js not running.
[2025-03-30 15:20:27] app-docker.js not running.
[2025-03-30 15:20:29] app-docker.js not running.
[2025-03-30 15:20:31] app-docker.js not running.
[2025-03-30 15:20:33] app-docker.js not running.
[2025-03-30 15:20:35] app-docker.js not running.
[2025-03-30 15:20:37] app-docker.js not running.
[2025-03-30 15:20:39] app-docker.js not running.
[2025-03-30 15:20:41] app-docker.js not running.
[2025-03-30 15:20:43] app-docker.js not running.
[2025-03-30 15:20:45] app-docker.js not running.
[2025-03-30 15:20:47] app-docker.js not running.
[2025-03-30 15:20:49] app-docker.js not running.
[2025-03-30 15:20:51] app-docker.js not running.
[2025-03-30 15:20:53] app-docker.js not running.
[2025-03-30 15:20:55] app-docker.js not running.
[2025-03-30 15:20:57] app-docker.js not running.
[2025-03-30 15:20:59] app-docker.js not running.
[2025-03-30 15:21:01] app-docker.js not running.
[2025-03-30 15:21:03] app-docker.js not running.
[2025-03-30 15:21:05] app-docker.js not running.
[2025-03-30 15:21:07] app-docker.js not running.
[2025-03-30 15:21:09] app-docker.js not running.
[2025-03-30 15:21:12] app-docker.js not running.
[2025-03-30 15:21:14] app-docker.js not running.
[2025-03-30 15:21:16] app-docker.js not running.
[2025-03-30 15:21:18] app-docker.js not running.
[2025-03-30 15:21:20] app-docker.js not running.
[2025-03-30 15:21:22] app-docker.js not running.
[2025-03-30 15:21:24] app-docker.js not running.
[2025-03-30 15:21:26] app-docker.js not running.
[2025-03-30 15:21:28] app-docker.js not running.
[2025-03-30 15:21:30] app-docker.js not running.
[2025-03-30 15:21:32] app-docker.js not running.
[2025-03-30 15:21:34] app-docker.js not running.
[2025-03-30 15:21:36] app-docker.js not running.
[2025-03-30 15:21:38] app-docker.js not running.
[2025-03-30 15:21:40] app-docker.js not running.
[2025-03-30 15:21:42] app-docker.js not running.
[2025-03-30 15:21:44] app-docker.js not running.
[2025-03-30 15:21:46] app-docker.js not running.
[2025-03-30 15:21:48] app-docker.js not running.
[2025-03-30 15:21:50] app-docker.js not running.
[2025-03-30 15:21:52] app-docker.js not running.
[2025-03-30 15:21:54] app-docker.js not running.
[2025-03-30 15:21:56] app-docker.js not running.
[2025-03-30 15:21:58] app-docker.js not running.
[2025-03-30 15:22:00] app-docker.js not running.
[2025-03-30 15:22:02] app-docker.js not running.
[2025-03-30 15:22:04] app-docker.js not running.
[2025-03-30 15:22:06] app-docker.js not running.
[2025-03-30 15:22:08] app-docker.js not running.
[2025-03-30 15:22:10] app-docker.js not running.
[2025-03-30 15:22:12] app-docker.js not running.
[2025-03-30 15:22:14] app-docker.js not running.
[2025-03-30 15:22:16] app-docker.js not running.
[2025-03-30 15:22:18] app-docker.js not running.
[2025-03-30 15:22:21] app-docker.js not running.
[2025-03-30 15:22:23] app-docker.js not running.
[2025-03-30 15:22:25] app-docker.js not running.
[2025-03-30 15:22:27] app-docker.js not running.
[2025-03-30 15:22:29] app-docker.js not running.
[2025-03-30 15:22:31] app-docker.js not running.
[2025-03-30 15:22:33] app-docker.js not running.
[2025-03-30 15:22:35] app-docker.js not running.
[2025-03-30 15:22:37] app-docker.js not running.
[2025-03-30 15:22:39] app-docker.js not running.
[2025-03-30 15:22:41] app-docker.js not running.
[2025-03-30 15:22:43] app-docker.js not running.
[2025-03-30 15:22:45] app-docker.js not running.
[2025-03-30 15:22:47] app-docker.js not running.
[2025-03-30 15:22:49] app-docker.js not running.
[2025-03-30 15:22:51] app-docker.js not running.
[2025-03-30 15:22:53] app-docker.js not running.
[2025-03-30 15:22:55] app-docker.js not running.
[2025-03-30 15:22:57] app-docker.js not running.
[2025-03-30 15:22:59] app-docker.js not running.
[2025-03-30 15:23:01] app-docker.js not running.
[2025-03-30 15:23:03] app-docker.js not running.
[2025-03-30 15:23:05] app-docker.js not running.
[2025-03-30 15:23:07] app-docker.js not running.
[2025-03-30 15:23:09] app-docker.js not running.
[2025-03-30 15:23:11] app-docker.js not running.
[2025-03-30 15:23:13] app-docker.js not running.
[2025-03-30 15:23:15] app-docker.js not running.
[2025-03-30 15:23:17] app-docker.js not running.
[2025-03-30 15:23:19] app-docker.js not running.
[2025-03-30 15:23:21] app-docker.js not running.
[2025-03-30 15:23:23] app-docker.js not running.
[2025-03-30 15:23:25] app-docker.js not running.
[2025-03-30 15:23:27] app-docker.js not running.
[2025-03-30 15:23:29] app-docker.js not running.
[2025-03-30 15:23:32] app-docker.js not running.
[2025-03-30 15:23:34] app-docker.js not running.
[2025-03-30 15:23:36] app-docker.js not running.
[2025-03-30 15:23:38] app-docker.js not running.
[2025-03-30 15:23:40] app-docker.js not running.
[2025-03-30 15:23:42] app-docker.js not running.
[2025-03-30 15:23:44] app-docker.js not running.
[2025-03-30 15:23:46] app-docker.js not running.
[2025-03-30 15:23:48] app-docker.js not running.
[2025-03-30 15:23:50] app-docker.js not running.
[2025-03-30 15:23:52] app-docker.js not running.
[2025-03-30 15:23:54] app-docker.js not running.
[2025-03-30 15:23:56] app-docker.js not running.
[2025-03-30 15:23:58] app-docker.js not running.
[2025-03-30 15:24:00] app-docker.js not running.
[2025-03-30 15:24:02] app-docker.js not running.
[2025-03-30 15:24:04] app-docker.js not running.
[2025-03-30 15:24:06] app-docker.js not running.
[2025-03-30 15:24:08] app-docker.js not running.
[2025-03-30 15:24:10] app-docker.js not running.
[2025-03-30 15:24:12] app-docker.js not running.
[2025-03-30 15:24:14] app-docker.js not running.
[2025-03-30 15:24:16] app-docker.js not running.
[2025-03-30 15:24:18] app-docker.js not running.
[2025-03-30 15:24:20] app-docker.js not running.
[2025-03-30 15:24:22] app-docker.js not running.
[2025-03-30 15:24:24] app-docker.js not running.
[2025-03-30 15:24:26] app-docker.js not running.
[2025-03-30 15:24:28] app-docker.js not running.
[2025-03-30 15:24:30] app-docker.js not running.
[2025-03-30 15:24:32] app-docker.js not running.
[2025-03-30 15:24:34] app-docker.js not running.
[2025-03-30 15:24:36] app-docker.js not running.
[2025-03-30 15:24:38] app-docker.js not running.
[2025-03-30 15:24:41] app-docker.js not running.
[2025-03-30 15:24:43] app-docker.js not running.
[2025-03-30 15:24:45] app-docker.js not running.
[2025-03-30 15:24:47] app-docker.js not running.
[2025-03-30 15:24:49] app-docker.js not running.
[2025-03-30 15:24:51] app-docker.js not running.
[2025-03-30 15:24:53] app-docker.js not running.
[2025-03-30 15:24:55] app-docker.js not running.
[2025-03-30 15:24:57] app-docker.js not running.
[2025-03-30 15:24:59] app-docker.js not running.
[2025-03-30 15:25:01] app-docker.js not running.
[2025-03-30 15:25:03] app-docker.js not running.
[2025-03-30 15:25:05] app-docker.js not running.
[2025-03-30 15:25:07] app-docker.js not running.
[2025-03-30 15:25:09] app-docker.js not running.
[2025-03-30 15:25:11] app-docker.js not running.
[2025-03-30 15:25:13] app-docker.js not running.
[2025-03-30 15:25:15] app-docker.js not running.
[2025-03-30 15:25:17] app-docker.js not running.
[2025-03-30 15:25:19] app-docker.js not running.
[2025-03-30 15:25:21] app-docker.js not running.
[2025-03-30 15:25:23] app-docker.js not running.
[2025-03-30 15:25:25] app-docker.js not running.
[2025-03-30 15:25:27] app-docker.js not running.
[2025-03-30 15:25:29] app-docker.js not running.
[2025-03-30 15:25:31] app-docker.js not running.
[2025-03-30 15:25:33] app-docker.js not running.
[2025-03-30 15:25:35] app-docker.js not running.
[2025-03-30 15:25:37] app-docker.js not running.
[2025-03-30 15:25:39] app-docker.js not running.
[2025-03-30 15:25:41] app-docker.js not running.
[2025-03-30 15:25:43] app-docker.js not running.
[2025-03-30 15:25:45] app-docker.js not running.
[2025-03-30 15:25:47] app-docker.js not running.
[2025-03-30 15:25:50] app-docker.js not running.
[2025-03-30 15:25:52] app-docker.js not running.
[2025-03-30 15:25:54] app-docker.js not running.
[2025-03-30 15:25:56] app-docker.js not running.
[2025-03-30 15:25:58] app-docker.js not running.
[2025-03-30 15:26:00] app-docker.js not running.
[2025-03-30 15:26:02] app-docker.js not running.
[2025-03-30 15:26:04] app-docker.js not running.
[2025-03-30 15:26:06] app-docker.js not running.
[2025-03-30 15:26:08] app-docker.js not running.
[2025-03-30 15:26:10] app-docker.js not running.
[2025-03-30 15:26:12] app-docker.js not running.
[2025-03-30 15:26:14] app-docker.js not running.
[2025-03-30 15:26:16] app-docker.js not running.
[2025-03-30 15:26:18] app-docker.js not running.
[2025-03-30 15:26:20] app-docker.js not running.
[2025-03-30 15:26:22] app-docker.js not running.
[2025-03-30 15:26:24] app-docker.js not running.
[2025-03-30 15:26:26] app-docker.js not running.
[2025-03-30 15:26:28] app-docker.js not running.
[2025-03-30 15:26:30] app-docker.js not running.
[2025-03-30 15:26:32] app-docker.js not running.
[2025-03-30 15:26:34] app-docker.js not running.
[2025-03-30 15:26:36] app-docker.js not running.
[2025-03-30 15:26:38] app-docker.js not running.
[2025-03-30 15:26:40] app-docker.js not running.
[2025-03-30 15:26:42] app-docker.js not running.
[2025-03-30 15:26:44] app-docker.js not running.
[2025-03-30 15:26:46] app-docker.js not running.
[2025-03-30 15:26:48] app-docker.js not running.
[2025-03-30 15:26:50] app-docker.js not running.
[2025-03-30 15:26:52] app-docker.js not running.
[2025-03-30 15:26:54] app-docker.js not running.
[2025-03-30 15:26:56] app-docker.js not running.
[2025-03-30 15:26:59] app-docker.js not running.
[2025-03-30 15:27:01] app-docker.js not running.
[2025-03-30 15:27:03] app-docker.js not running.
[2025-03-30 15:27:05] app-docker.js not running.
[2025-03-30 15:27:07] app-docker.js not running.
[2025-03-30 15:27:09] app-docker.js not running.
[2025-03-30 15:27:11] app-docker.js not running.
[2025-03-30 15:27:13] app-docker.js not running.
[2025-03-30 15:27:15] app-docker.js not running.
[2025-03-30 15:27:17] app-docker.js not running.
[2025-03-30 15:27:19] app-docker.js not running.
[2025-03-30 15:27:21] app-docker.js not running.
[2025-03-30 15:27:23] app-docker.js not running.
[2025-03-30 15:27:26] app-docker.js not running.
[2025-03-30 15:32:29] app-docker.js not running.
[2025-03-30 15:32:31] app-docker.js not running.
[2025-03-30 15:32:33] app-docker.js not running.
[2025-03-30 15:32:35] app-docker.js not running.
[2025-03-30 15:32:37] app-docker.js not running.
[2025-03-30 15:32:39] app-docker.js not running.
[2025-03-30 15:32:41] app-docker.js not running.
[2025-03-30 15:32:43] app-docker.js not running.
[2025-03-30 15:32:45] app-docker.js not running.
[2025-03-30 15:32:47] app-docker.js not running.
[2025-03-30 15:32:50] app-docker.js not running.
[2025-03-30 15:32:52] app-docker.js not running.
[2025-03-30 15:32:54] app-docker.js not running.
[2025-03-30 15:32:56] app-docker.js not running.
[2025-03-30 15:32:58] app-docker.js not running.
[2025-03-30 15:33:00] app-docker.js not running.
[2025-03-30 15:33:02] app-docker.js not running.
[2025-03-30 15:33:04] app-docker.js not running.
[2025-03-30 15:33:06] app-docker.js not running.
[2025-03-30 15:33:08] app-docker.js not running.
[2025-03-30 15:33:10] app-docker.js not running.
[2025-03-30 15:33:12] app-docker.js not running.
[2025-03-30 15:33:14] app-docker.js not running.
[2025-03-30 15:33:16] app-docker.js not running.
[2025-03-30 15:33:18] app-docker.js not running.
[2025-03-30 15:33:20] app-docker.js not running.
[2025-03-30 15:33:22] app-docker.js not running.
[2025-03-30 15:33:24] app-docker.js not running.
[2025-03-30 15:33:26] app-docker.js not running.
[2025-03-30 15:33:28] app-docker.js not running.
[2025-03-30 15:33:31] app-docker.js not running.
[2025-03-30 15:33:33] app-docker.js not running.
[2025-03-30 15:33:35] app-docker.js not running.
[2025-03-30 15:33:37] app-docker.js not running.
[2025-03-30 15:33:39] app-docker.js not running.
[2025-03-30 15:33:41] app-docker.js not running.
[2025-03-30 15:33:43] app-docker.js not running.
[2025-03-30 15:33:45] app-docker.js not running.
[2025-03-30 15:33:47] app-docker.js not running.
[2025-03-30 15:33:49] app-docker.js not running.
[2025-03-30 15:33:51] app-docker.js not running.
[2025-03-30 15:33:53] app-docker.js not running.
[2025-03-30 15:33:55] app-docker.js not running.
[2025-03-30 15:33:57] app-docker.js not running.
[2025-03-30 15:33:59] app-docker.js not running.
[2025-03-30 15:34:01] app-docker.js not running.
[2025-03-30 15:34:03] app-docker.js not running.
[2025-03-30 15:34:05] app-docker.js not running.
[2025-03-30 15:34:07] app-docker.js not running.
[2025-03-30 15:34:09] app-docker.js not running.
[2025-03-30 15:34:11] app-docker.js not running.
[2025-03-30 15:34:13] app-docker.js not running.
[2025-03-30 15:34:16] app-docker.js not running.
[2025-03-30 15:34:18] app-docker.js not running.
[2025-03-30 15:34:20] app-docker.js not running.
[2025-03-30 15:34:22] app-docker.js not running.
[2025-03-30 15:34:24] app-docker.js not running.
[2025-03-30 15:34:26] app-docker.js not running.
[2025-03-30 15:34:28] app-docker.js not running.
[2025-03-30 15:34:30] app-docker.js not running.
[2025-03-30 15:34:32] app-docker.js not running.
[2025-03-30 15:34:35] app-docker.js not running.
[2025-03-30 15:34:37] app-docker.js not running.
[2025-03-30 15:34:39] app-docker.js not running.
[2025-03-30 15:34:41] app-docker.js not running.
[2025-03-30 15:34:44] app-docker.js not running.
[2025-03-30 15:34:47] app-docker.js not running.
[2025-03-30 15:50:39] app-docker.js not running.
[2025-03-30 16:26:35] app-docker.js not running.
[2025-03-30 16:26:37] app-docker.js not running.
[2025-03-30 16:26:39] app-docker.js not running.
[2025-03-30 16:26:41] app-docker.js not running.
[2025-03-30 16:26:43] app-docker.js not running.
[2025-03-30 16:26:45] app-docker.js not running.
[2025-03-30 16:26:47] app-docker.js not running.
[2025-03-30 16:26:49] app-docker.js not running.
[2025-03-30 16:26:51] app-docker.js not running.
[2025-03-30 16:26:53] app-docker.js not running.
[2025-03-30 16:26:55] app-docker.js not running.
[2025-03-30 16:26:57] app-docker.js not running.
[2025-03-30 16:26:59] app-docker.js not running.
[2025-03-30 16:27:01] app-docker.js not running.
[2025-03-30 16:27:03] app-docker.js not running.
[2025-03-30 16:27:06] app-docker.js not running.
[2025-03-30 16:27:08] app-docker.js not running.
[2025-03-30 16:27:10] app-docker.js not running.
[2025-03-30 16:27:12] app-docker.js not running.
[2025-03-30 16:27:15] app-docker.js not running.
[2025-03-30 16:27:19] app-docker.js not running.
[2025-03-30 16:27:22] app-docker.js not running.
[2025-03-30 16:29:30] app-docker.js not running.
[2025-03-30 16:40:08] app-docker.js not running.
[2025-03-30 16:40:15] app-docker.js not running.
[2025-03-30 16:42:08] app-docker.js not running.
[2025-03-30 16:42:14] app-docker.js not running.
[2025-03-30 16:42:27] app-docker.js not running.
[2025-03-30 16:42:40] app-docker.js not running.
[2025-03-30 16:45:05] app-docker.js not running.
[2025-03-30 16:45:16] app-docker.js not running.
[2025-03-30 16:49:33] app-docker.js not running.
[2025-03-30 16:52:21] app-docker.js not running.
[2025-03-30 16:52:57] app-docker.js not running.
[2025-03-30 17:18:50] app-docker.js not running.
[2025-03-30 19:27:58] app-docker.js not running.
[2025-03-30 20:33:26] app-docker.js not running.
[2025-03-30 20:33:28] app-docker.js not running.
[2025-03-30 20:33:30] app-docker.js not running.
[2025-03-30 20:33:32] app-docker.js not running.
[2025-03-30 20:33:34] app-docker.js not running.
[2025-03-30 20:33:36] app-docker.js not running.
[2025-03-30 20:33:38] app-docker.js not running.
[2025-03-30 20:33:40] app-docker.js not running.
[2025-03-30 20:33:42] app-docker.js not running.
[2025-03-30 20:33:45] app-docker.js not running.
[2025-03-30 20:33:47] app-docker.js not running.
[2025-03-30 20:33:49] app-docker.js not running.
[2025-03-30 20:33:51] app-docker.js not running.
[2025-03-30 20:33:53] app-docker.js not running.
[2025-03-30 20:33:55] app-docker.js not running.
[2025-03-30 20:33:57] app-docker.js not running.
[2025-03-30 20:33:59] app-docker.js not running.
[2025-03-30 20:34:01] app-docker.js not running.
[2025-03-30 20:34:03] app-docker.js not running.
[2025-03-30 20:34:05] app-docker.js not running.
[2025-03-30 20:34:07] app-docker.js not running.
[2025-03-30 20:34:09] app-docker.js not running.
[2025-03-30 20:34:11] app-docker.js not running.
[2025-03-30 20:34:13] app-docker.js not running.
[2025-03-30 20:34:15] app-docker.js not running.
[2025-03-30 20:34:17] app-docker.js not running.
[2025-03-30 20:34:19] app-docker.js not running.
[2025-03-30 20:34:21] app-docker.js not running.
[2025-03-30 20:34:23] app-docker.js not running.
[2025-03-30 20:34:25] app-docker.js not running.
[2025-03-30 20:34:27] app-docker.js not running.
[2025-03-30 20:34:29] app-docker.js not running.
[2025-03-30 20:34:31] app-docker.js not running.
[2025-03-30 20:34:33] app-docker.js not running.
[2025-03-30 20:34:35] app-docker.js not running.
[2025-03-30 20:34:37] app-docker.js not running.
[2025-03-30 20:34:39] app-docker.js not running.
[2025-03-30 20:34:41] app-docker.js not running.
[2025-03-30 20:34:43] app-docker.js not running.
[2025-03-30 20:34:45] app-docker.js not running.
[2025-03-30 20:34:47] app-docker.js not running.
[2025-03-30 20:34:49] app-docker.js not running.
[2025-03-30 20:34:52] app-docker.js not running.
[2025-03-30 20:34:54] app-docker.js not running.
[2025-03-30 20:34:56] app-docker.js not running.
[2025-03-30 20:34:58] app-docker.js not running.
[2025-03-30 20:35:00] app-docker.js not running.
[2025-03-30 20:35:02] app-docker.js not running.
[2025-03-30 20:35:04] app-docker.js not running.
[2025-03-30 20:35:06] app-docker.js not running.
[2025-03-30 20:35:08] app-docker.js not running.
[2025-03-30 20:35:10] app-docker.js not running.
[2025-03-30 20:35:12] app-docker.js not running.
[2025-03-30 20:35:14] app-docker.js not running.
[2025-03-30 20:35:16] app-docker.js not running.
[2025-03-30 20:35:18] app-docker.js not running.
[2025-03-30 20:35:20] app-docker.js not running.
[2025-03-30 20:35:22] app-docker.js not running.
[2025-03-30 20:35:24] app-docker.js not running.
[2025-03-30 20:35:26] app-docker.js not running.
[2025-03-30 20:35:28] app-docker.js not running.
[2025-03-30 20:35:30] app-docker.js not running.
[2025-03-30 20:35:32] app-docker.js not running.
[2025-03-30 20:35:34] app-docker.js not running.
[2025-03-30 20:35:36] app-docker.js not running.
[2025-03-30 20:35:38] app-docker.js not running.
[2025-03-30 20:35:40] app-docker.js not running.
[2025-03-30 20:35:42] app-docker.js not running.
[2025-03-30 20:35:44] app-docker.js not running.
[2025-03-30 20:35:46] app-docker.js not running.
[2025-03-30 20:35:48] app-docker.js not running.
[2025-03-30 20:35:50] app-docker.js not running.
[2025-03-30 20:35:52] app-docker.js not running.
[2025-03-30 20:35:54] app-docker.js not running.
[2025-03-30 20:35:56] app-docker.js not running.
[2025-03-30 20:35:58] app-docker.js not running.
[2025-03-30 20:36:01] app-docker.js not running.
[2025-03-30 20:36:03] app-docker.js not running.
[2025-03-30 20:36:05] app-docker.js not running.
[2025-03-30 20:36:07] app-docker.js not running.
[2025-03-30 20:36:09] app-docker.js not running.
[2025-03-30 20:36:11] app-docker.js not running.
[2025-03-30 20:36:13] app-docker.js not running.
[2025-03-30 20:36:15] app-docker.js not running.
[2025-03-30 20:36:17] app-docker.js not running.
[2025-03-30 20:36:19] app-docker.js not running.
[2025-03-30 20:36:21] app-docker.js not running.
[2025-03-30 20:36:23] app-docker.js not running.
[2025-03-30 20:36:25] app-docker.js not running.
[2025-03-30 20:36:27] app-docker.js not running.
[2025-03-30 20:36:29] app-docker.js not running.
[2025-03-30 20:36:31] app-docker.js not running.
[2025-03-30 20:36:33] app-docker.js not running.
[2025-03-30 20:36:35] app-docker.js not running.
[2025-03-30 20:36:37] app-docker.js not running.
[2025-03-30 20:36:39] app-docker.js not running.
[2025-03-30 20:36:41] app-docker.js not running.
[2025-03-30 20:36:43] app-docker.js not running.
[2025-03-30 20:36:45] app-docker.js not running.
[2025-03-30 20:36:47] app-docker.js not running.
[2025-03-30 20:36:49] app-docker.js not running.
[2025-03-30 20:36:51] app-docker.js not running.
[2025-03-30 20:36:53] app-docker.js not running.
[2025-03-30 20:36:55] app-docker.js not running.
[2025-03-30 20:36:57] app-docker.js not running.
[2025-03-30 20:36:59] app-docker.js not running.
[2025-03-30 20:37:01] app-docker.js not running.
[2025-03-30 20:37:03] app-docker.js not running.
[2025-03-30 20:37:06] app-docker.js not running.
[2025-03-30 20:37:08] app-docker.js not running.
[2025-03-30 20:37:10] app-docker.js not running.
[2025-03-30 20:37:12] app-docker.js not running.
[2025-03-30 20:37:14] app-docker.js not running.
[2025-03-30 20:37:16] app-docker.js not running.
[2025-03-30 20:37:18] app-docker.js not running.
[2025-03-30 20:37:20] app-docker.js not running.
[2025-03-30 20:37:22] app-docker.js not running.
[2025-03-30 20:37:24] app-docker.js not running.
[2025-03-30 20:37:26] app-docker.js not running.
[2025-03-30 20:37:28] app-docker.js not running.
[2025-03-30 20:37:30] app-docker.js not running.
[2025-03-30 20:37:32] app-docker.js not running.
[2025-03-30 20:37:34] app-docker.js not running.
[2025-03-30 20:37:36] app-docker.js not running.
[2025-03-30 20:37:38] app-docker.js not running.
[2025-03-30 20:37:40] app-docker.js not running.
[2025-03-30 20:37:42] app-docker.js not running.
[2025-03-30 20:37:44] app-docker.js not running.
[2025-03-30 20:37:46] app-docker.js not running.
[2025-03-30 20:37:48] app-docker.js not running.
[2025-03-30 20:37:50] app-docker.js not running.
[2025-03-30 20:37:52] app-docker.js not running.
[2025-03-30 20:37:54] app-docker.js not running.
[2025-03-30 20:37:56] app-docker.js not running.
[2025-03-30 20:37:58] app-docker.js not running.
[2025-03-30 20:38:00] app-docker.js not running.
[2025-03-30 20:38:02] app-docker.js not running.
[2025-03-30 20:38:04] app-docker.js not running.
[2025-03-30 20:38:06] app-docker.js not running.
[2025-03-30 20:38:08] app-docker.js not running.
[2025-03-30 20:38:10] app-docker.js not running.
[2025-03-30 20:38:12] app-docker.js not running.
[2025-03-30 20:38:14] app-docker.js not running.
[2025-03-30 20:38:17] app-docker.js not running.
[2025-03-30 20:38:19] app-docker.js not running.
[2025-03-30 20:38:21] app-docker.js not running.
[2025-03-30 20:38:23] app-docker.js not running.
[2025-03-30 20:38:25] app-docker.js not running.
[2025-03-30 20:38:27] app-docker.js not running.
[2025-03-30 20:38:29] app-docker.js not running.
[2025-03-30 20:38:31] app-docker.js not running.
[2025-03-30 20:38:33] app-docker.js not running.
[2025-03-30 20:38:35] app-docker.js not running.
[2025-03-30 20:38:37] app-docker.js not running.
[2025-03-30 20:38:39] app-docker.js not running.
[2025-03-30 20:38:41] app-docker.js not running.
[2025-03-30 20:38:43] app-docker.js not running.
[2025-03-30 20:38:45] app-docker.js not running.
[2025-03-30 20:38:47] app-docker.js not running.
[2025-03-30 20:38:49] app-docker.js not running.
[2025-03-30 20:38:51] app-docker.js not running.
[2025-03-30 20:38:53] app-docker.js not running.
[2025-03-30 20:38:55] app-docker.js not running.
[2025-03-30 20:38:57] app-docker.js not running.
[2025-03-30 20:38:59] app-docker.js not running.
[2025-03-30 20:39:01] app-docker.js not running.
[2025-03-30 20:39:03] app-docker.js not running.
[2025-03-30 20:39:05] app-docker.js not running.
[2025-03-30 20:39:07] app-docker.js not running.
[2025-03-30 20:39:09] app-docker.js not running.
[2025-03-30 20:39:11] app-docker.js not running.
[2025-03-30 20:39:13] app-docker.js not running.
[2025-03-30 20:39:15] app-docker.js not running.
[2025-03-30 20:39:17] app-docker.js not running.
[2025-03-30 20:39:19] app-docker.js not running.
[2025-03-30 20:39:22] app-docker.js not running.
[2025-03-30 20:39:24] app-docker.js not running.
[2025-03-30 20:39:26] app-docker.js not running.
[2025-03-30 20:39:28] app-docker.js not running.
[2025-03-30 20:39:30] app-docker.js not running.
[2025-03-30 20:39:32] app-docker.js not running.
[2025-03-30 20:39:34] app-docker.js not running.
[2025-03-30 20:39:36] app-docker.js not running.
[2025-03-30 20:39:38] app-docker.js not running.
[2025-03-30 20:39:40] app-docker.js not running.
[2025-03-30 20:39:42] app-docker.js not running.
[2025-03-30 20:39:44] app-docker.js not running.
[2025-03-30 20:39:46] app-docker.js not running.
[2025-03-30 20:39:48] app-docker.js not running.
[2025-03-30 20:39:50] app-docker.js not running.
[2025-03-30 20:39:52] app-docker.js not running.
[2025-03-30 20:39:54] app-docker.js not running.
[2025-03-30 20:39:56] app-docker.js not running.
[2025-03-30 20:39:58] app-docker.js not running.
[2025-03-30 20:40:00] app-docker.js not running.
[2025-03-30 20:40:02] app-docker.js not running.
[2025-03-30 20:40:04] app-docker.js not running.
[2025-03-30 20:40:06] app-docker.js not running.
[2025-03-30 20:40:08] app-docker.js not running.
[2025-03-30 20:40:10] app-docker.js not running.
[2025-03-30 20:40:12] app-docker.js not running.
[2025-03-30 20:40:14] app-docker.js not running.
[2025-03-30 20:40:16] app-docker.js not running.
[2025-03-30 20:40:18] app-docker.js not running.
[2025-03-30 20:40:20] app-docker.js not running.
[2025-03-30 20:40:22] app-docker.js not running.
[2025-03-30 20:40:24] app-docker.js not running.
[2025-03-30 20:40:26] app-docker.js not running.
[2025-03-30 20:40:28] app-docker.js not running.
[2025-03-30 20:40:31] app-docker.js not running.
[2025-03-30 20:40:33] app-docker.js not running.
[2025-03-30 20:40:35] app-docker.js not running.
[2025-03-30 20:40:37] app-docker.js not running.
[2025-03-30 20:40:39] app-docker.js not running.
[2025-03-30 20:40:41] app-docker.js not running.
[2025-03-30 20:40:43] app-docker.js not running.
[2025-03-30 20:40:45] app-docker.js not running.
[2025-03-30 20:40:47] app-docker.js not running.
[2025-03-30 20:40:49] app-docker.js not running.
[2025-03-30 20:40:51] app-docker.js not running.
[2025-03-30 20:40:53] app-docker.js not running.
[2025-03-30 20:40:55] app-docker.js not running.
[2025-03-30 20:40:57] app-docker.js not running.
[2025-03-30 20:40:59] app-docker.js not running.
[2025-03-30 20:41:01] app-docker.js not running.
[2025-03-30 20:41:03] app-docker.js not running.
[2025-03-30 20:41:05] app-docker.js not running.
[2025-03-30 20:41:07] app-docker.js not running.
[2025-03-30 20:41:09] app-docker.js not running.
[2025-03-30 20:41:11] app-docker.js not running.
[2025-03-30 20:41:13] app-docker.js not running.
[2025-03-30 20:41:15] app-docker.js not running.
[2025-03-30 20:41:17] app-docker.js not running.
[2025-03-30 20:41:19] app-docker.js not running.
[2025-03-30 20:41:21] app-docker.js not running.
[2025-03-30 20:41:23] app-docker.js not running.
[2025-03-30 20:41:25] app-docker.js not running.
[2025-03-30 20:41:27] app-docker.js not running.
[2025-03-30 20:41:29] app-docker.js not running.
[2025-03-30 20:41:31] app-docker.js not running.
[2025-03-30 20:41:33] app-docker.js not running.
[2025-03-30 20:41:35] app-docker.js not running.
[2025-03-30 20:41:37] app-docker.js not running.
[2025-03-30 20:41:40] app-docker.js not running.
[2025-03-30 20:41:42] app-docker.js not running.
[2025-03-30 20:41:44] app-docker.js not running.
[2025-03-30 20:41:46] app-docker.js not running.
[2025-03-30 20:41:48] app-docker.js not running.
[2025-03-30 20:41:50] app-docker.js not running.
[2025-03-30 20:41:52] app-docker.js not running.
[2025-03-30 20:41:54] app-docker.js not running.
[2025-03-30 20:41:56] app-docker.js not running.
[2025-03-30 20:41:58] app-docker.js not running.
[2025-03-30 20:42:00] app-docker.js not running.
[2025-03-30 20:42:02] app-docker.js not running.
[2025-03-30 20:42:04] app-docker.js not running.
[2025-03-30 20:42:06] app-docker.js not running.
[2025-03-30 20:42:08] app-docker.js not running.
[2025-03-30 20:42:10] app-docker.js not running.
[2025-03-30 20:42:12] app-docker.js not running.
[2025-03-30 20:42:14] app-docker.js not running.
[2025-03-30 20:42:16] app-docker.js not running.
[2025-03-30 20:42:18] app-docker.js not running.
[2025-03-30 20:42:20] app-docker.js not running.
[2025-03-30 20:42:22] app-docker.js not running.
[2025-03-30 20:42:24] app-docker.js not running.
[2025-03-30 20:42:26] app-docker.js not running.
[2025-03-30 20:42:28] app-docker.js not running.
[2025-03-30 20:42:30] app-docker.js not running.
[2025-03-30 20:42:32] app-docker.js not running.
[2025-03-30 20:42:34] app-docker.js not running.
[2025-03-30 20:42:36] app-docker.js not running.
[2025-03-30 20:42:38] app-docker.js not running.
[2025-03-30 20:42:40] app-docker.js not running.
[2025-03-30 20:42:42] app-docker.js not running.
[2025-03-30 20:42:44] app-docker.js not running.
[2025-03-30 20:42:46] app-docker.js not running.
[2025-03-30 20:42:49] app-docker.js not running.
[2025-03-30 20:42:51] app-docker.js not running.
[2025-03-30 20:42:53] app-docker.js not running.
[2025-03-30 20:42:55] app-docker.js not running.
[2025-03-30 20:42:57] app-docker.js not running.
[2025-03-30 20:42:59] app-docker.js not running.
[2025-03-30 20:43:01] app-docker.js not running.
[2025-03-30 20:43:03] app-docker.js not running.
[2025-03-30 20:43:05] app-docker.js not running.
[2025-03-30 20:43:07] app-docker.js not running.
[2025-03-30 20:43:09] app-docker.js not running.
[2025-03-30 20:43:11] app-docker.js not running.
[2025-03-30 20:43:13] app-docker.js not running.
[2025-03-30 20:43:15] app-docker.js not running.
[2025-03-30 20:43:17] app-docker.js not running.
[2025-03-30 20:43:19] app-docker.js not running.
[2025-03-30 20:43:21] app-docker.js not running.
[2025-03-30 20:43:23] app-docker.js not running.
[2025-03-30 20:43:25] app-docker.js not running.
[2025-03-30 20:43:27] app-docker.js not running.
[2025-03-30 20:43:29] app-docker.js not running.
[2025-03-30 20:43:31] app-docker.js not running.
[2025-03-30 20:43:33] app-docker.js not running.
[2025-03-30 20:43:35] app-docker.js not running.
[2025-03-30 20:43:37] app-docker.js not running.
[2025-03-30 20:43:39] app-docker.js not running.
[2025-03-30 20:43:41] app-docker.js not running.
[2025-03-30 20:43:43] app-docker.js not running.
[2025-03-30 20:43:45] app-docker.js not running.
[2025-03-30 20:43:47] app-docker.js not running.
[2025-03-30 20:43:49] app-docker.js not running.
[2025-03-30 20:43:51] app-docker.js not running.
[2025-03-30 20:43:53] app-docker.js not running.
[2025-03-30 20:43:55] app-docker.js not running.
[2025-03-30 20:43:57] app-docker.js not running.
[2025-03-30 20:44:00] app-docker.js not running.
[2025-03-30 20:44:02] app-docker.js not running.
[2025-03-30 20:44:04] app-docker.js not running.
[2025-03-30 20:44:06] app-docker.js not running.
[2025-03-30 20:44:08] app-docker.js not running.
[2025-03-30 20:44:10] app-docker.js not running.
[2025-03-30 20:44:12] app-docker.js not running.
[2025-03-30 20:44:14] app-docker.js not running.
[2025-03-30 20:44:16] app-docker.js not running.
[2025-03-30 20:44:18] app-docker.js not running.
[2025-03-30 20:44:20] app-docker.js not running.
[2025-03-30 20:44:22] app-docker.js not running.
[2025-03-30 20:44:24] app-docker.js not running.
[2025-03-30 20:44:26] app-docker.js not running.
[2025-03-30 20:44:28] app-docker.js not running.
[2025-03-30 20:44:30] app-docker.js not running.
[2025-03-30 20:44:32] app-docker.js not running.
[2025-03-30 20:44:34] app-docker.js not running.
[2025-03-30 20:44:36] app-docker.js not running.
[2025-03-30 20:44:38] app-docker.js not running.
[2025-03-30 20:44:40] app-docker.js not running.
[2025-03-30 20:44:42] app-docker.js not running.
[2025-03-30 20:44:44] app-docker.js not running.
[2025-03-30 20:44:46] app-docker.js not running.
[2025-03-30 20:44:48] app-docker.js not running.
[2025-03-30 20:44:50] app-docker.js not running.
[2025-03-30 20:44:52] app-docker.js not running.
[2025-03-30 20:44:54] app-docker.js not running.
[2025-03-30 20:44:56] app-docker.js not running.
[2025-03-30 20:44:58] app-docker.js not running.
[2025-03-30 20:45:00] app-docker.js not running.
[2025-03-30 20:45:02] app-docker.js not running.
[2025-03-30 20:45:04] app-docker.js not running.
[2025-03-30 20:45:07] app-docker.js not running.
[2025-03-30 20:45:09] app-docker.js not running.
[2025-03-30 20:45:11] app-docker.js not running.
[2025-03-30 20:45:13] app-docker.js not running.
[2025-03-30 20:45:15] app-docker.js not running.
[2025-03-30 20:45:17] app-docker.js not running.
[2025-03-30 20:45:19] app-docker.js not running.
[2025-03-30 20:45:21] app-docker.js not running.
[2025-03-30 20:45:23] app-docker.js not running.
[2025-03-30 20:45:25] app-docker.js not running.
[2025-03-30 20:45:27] app-docker.js not running.
[2025-03-30 20:45:29] app-docker.js not running.
[2025-03-30 20:45:31] app-docker.js not running.
[2025-03-30 20:45:33] app-docker.js not running.
[2025-03-30 20:45:35] app-docker.js not running.
[2025-03-30 20:45:37] app-docker.js not running.
[2025-03-30 20:45:39] app-docker.js not running.
[2025-03-30 20:45:41] app-docker.js not running.
[2025-03-30 20:45:43] app-docker.js not running.
[2025-03-30 20:45:45] app-docker.js not running.
[2025-03-30 20:45:47] app-docker.js not running.
[2025-03-30 20:45:49] app-docker.js not running.
[2025-03-30 20:45:51] app-docker.js not running.
[2025-03-30 20:45:53] app-docker.js not running.
[2025-03-30 20:45:55] app-docker.js not running.
[2025-03-30 20:45:57] app-docker.js not running.
[2025-03-30 20:45:59] app-docker.js not running.
[2025-03-30 20:46:01] app-docker.js not running.
[2025-03-30 20:46:03] app-docker.js not running.
[2025-03-30 20:46:05] app-docker.js not running.
[2025-03-30 20:46:07] app-docker.js not running.
[2025-03-30 20:46:09] app-docker.js not running.
[2025-03-30 20:46:11] app-docker.js not running.
[2025-03-30 20:46:13] app-docker.js not running.
[2025-03-30 20:46:15] app-docker.js not running.
[2025-03-30 20:46:18] app-docker.js not running.
[2025-03-30 20:46:20] app-docker.js not running.
[2025-03-30 20:46:22] app-docker.js not running.
[2025-03-30 20:46:24] app-docker.js not running.
[2025-03-30 20:46:26] app-docker.js not running.
[2025-03-30 20:46:28] app-docker.js not running.
[2025-03-30 20:46:30] app-docker.js not running.
[2025-03-30 20:46:32] app-docker.js not running.
[2025-03-30 20:46:34] app-docker.js not running.
[2025-03-30 20:46:36] app-docker.js not running.
[2025-03-30 20:46:38] app-docker.js not running.
[2025-03-30 20:46:40] app-docker.js not running.
[2025-03-30 20:46:42] app-docker.js not running.
[2025-03-30 20:46:44] app-docker.js not running.
[2025-03-30 20:46:46] app-docker.js not running.
[2025-03-30 20:46:48] app-docker.js not running.
[2025-03-30 20:46:50] app-docker.js not running.
[2025-03-30 20:46:52] app-docker.js not running.
[2025-03-30 20:46:54] app-docker.js not running.
[2025-03-30 20:46:56] app-docker.js not running.
[2025-03-30 20:46:58] app-docker.js not running.
[2025-03-30 20:47:00] app-docker.js not running.
[2025-03-30 20:47:02] app-docker.js not running.
[2025-03-30 20:47:04] app-docker.js not running.
[2025-03-30 20:47:06] app-docker.js not running.
[2025-03-30 20:47:08] app-docker.js not running.
[2025-03-30 20:47:10] app-docker.js not running.
[2025-03-30 20:47:12] app-docker.js not running.
[2025-03-30 20:47:14] app-docker.js not running.
[2025-03-30 20:47:16] app-docker.js not running.
[2025-03-30 20:47:18] app-docker.js not running.
[2025-03-30 20:47:20] app-docker.js not running.
[2025-03-30 20:47:22] app-docker.js not running.
[2025-03-30 20:47:24] app-docker.js not running.
[2025-03-30 20:47:26] app-docker.js not running.
[2025-03-30 20:47:29] app-docker.js not running.
[2025-03-30 20:47:31] app-docker.js not running.
[2025-03-30 20:47:33] app-docker.js not running.
[2025-03-30 20:47:35] app-docker.js not running.
[2025-03-30 20:47:37] app-docker.js not running.
[2025-03-30 20:47:39] app-docker.js not running.
[2025-03-30 20:47:41] app-docker.js not running.
[2025-03-30 20:47:43] app-docker.js not running.
[2025-03-30 20:47:45] app-docker.js not running.
[2025-03-30 20:47:47] app-docker.js not running.
[2025-03-30 20:47:49] app-docker.js not running.
[2025-03-30 20:47:51] app-docker.js not running.
[2025-03-30 20:47:53] app-docker.js not running.
[2025-03-30 20:47:55] app-docker.js not running.
[2025-03-30 20:47:57] app-docker.js not running.
[2025-03-30 20:47:59] app-docker.js not running.
[2025-03-30 20:48:01] app-docker.js not running.
[2025-03-30 20:48:03] app-docker.js not running.
[2025-03-30 20:48:05] app-docker.js not running.
[2025-03-30 20:48:07] app-docker.js not running.
[2025-03-30 20:48:09] app-docker.js not running.
[2025-03-30 20:48:11] app-docker.js not running.
[2025-03-30 20:48:13] app-docker.js not running.
[2025-03-30 20:48:15] app-docker.js not running.
[2025-03-30 20:48:17] app-docker.js not running.
[2025-03-30 20:48:19] app-docker.js not running.
[2025-03-30 20:48:21] app-docker.js not running.
[2025-03-30 20:48:23] app-docker.js not running.
[2025-03-30 20:48:25] app-docker.js not running.
[2025-03-30 20:48:27] app-docker.js not running.
[2025-03-30 20:48:29] app-docker.js not running.
[2025-03-30 20:48:31] app-docker.js not running.
[2025-03-30 20:48:33] app-docker.js not running.
[2025-03-30 20:48:35] app-docker.js not running.
[2025-03-30 20:48:38] app-docker.js not running.
[2025-03-30 20:48:40] app-docker.js not running.
[2025-03-30 20:48:42] app-docker.js not running.
[2025-03-30 20:48:44] app-docker.js not running.
[2025-03-30 20:48:46] app-docker.js not running.
[2025-03-30 20:48:48] app-docker.js not running.
[2025-03-30 20:48:50] app-docker.js not running.
[2025-03-30 20:48:52] app-docker.js not running.
[2025-03-30 20:48:54] app-docker.js not running.
[2025-03-30 20:48:56] app-docker.js not running.
[2025-03-30 20:48:58] app-docker.js not running.
[2025-03-30 20:49:00] app-docker.js not running.
[2025-03-30 20:49:02] app-docker.js not running.
[2025-03-30 20:49:04] app-docker.js not running.
[2025-03-30 20:49:06] app-docker.js not running.
[2025-03-30 20:49:08] app-docker.js not running.
[2025-03-30 20:49:10] app-docker.js not running.
[2025-03-30 20:49:12] app-docker.js not running.
[2025-03-30 20:49:14] app-docker.js not running.
[2025-03-30 20:49:16] app-docker.js not running.
[2025-03-30 20:49:18] app-docker.js not running.
[2025-03-30 20:49:20] app-docker.js not running.
[2025-03-30 20:49:22] app-docker.js not running.
[2025-03-30 20:49:24] app-docker.js not running.
[2025-03-30 20:49:26] app-docker.js not running.
[2025-03-30 20:49:28] app-docker.js not running.
[2025-03-30 20:49:30] app-docker.js not running.
[2025-03-30 20:49:32] app-docker.js not running.
[2025-03-30 20:49:34] app-docker.js not running.
[2025-03-30 20:49:36] app-docker.js not running.
[2025-03-30 20:49:38] app-docker.js not running.
[2025-03-30 20:49:40] app-docker.js not running.
[2025-03-30 20:49:42] app-docker.js not running.
[2025-03-30 20:49:44] app-docker.js not running.
[2025-03-30 20:49:46] app-docker.js not running.
[2025-03-30 20:49:49] app-docker.js not running.
[2025-03-30 20:49:51] app-docker.js not running.
[2025-03-30 20:49:53] app-docker.js not running.
[2025-03-30 20:49:55] app-docker.js not running.
[2025-03-30 20:49:57] app-docker.js not running.
[2025-03-30 20:49:59] app-docker.js not running.
[2025-03-30 20:50:01] app-docker.js not running.
[2025-03-30 20:50:03] app-docker.js not running.
[2025-03-30 20:50:05] app-docker.js not running.
[2025-03-30 20:50:07] app-docker.js not running.
[2025-03-30 20:50:09] app-docker.js not running.
[2025-03-30 20:50:11] app-docker.js not running.
[2025-03-30 20:50:13] app-docker.js not running.
[2025-03-30 20:50:15] app-docker.js not running.
[2025-03-30 20:50:17] app-docker.js not running.
[2025-03-30 20:50:19] app-docker.js not running.
[2025-03-30 20:50:21] app-docker.js not running.
[2025-03-30 20:50:23] app-docker.js not running.
[2025-03-30 20:50:25] app-docker.js not running.
[2025-03-30 20:50:27] app-docker.js not running.
[2025-03-30 20:50:29] app-docker.js not running.
[2025-03-30 20:50:31] app-docker.js not running.
[2025-03-30 20:50:33] app-docker.js not running.
[2025-03-30 20:50:35] app-docker.js not running.
[2025-03-30 20:50:37] app-docker.js not running.
[2025-03-30 20:50:39] app-docker.js not running.
[2025-03-30 20:50:41] app-docker.js not running.
[2025-03-30 20:50:43] app-docker.js not running.
[2025-03-30 20:50:45] app-docker.js not running.
[2025-03-30 20:50:47] app-docker.js not running.
[2025-03-30 20:50:49] app-docker.js not running.
[2025-03-30 20:50:51] app-docker.js not running.
[2025-03-30 20:50:53] app-docker.js not running.
[2025-03-30 20:50:55] app-docker.js not running.
[2025-03-30 20:50:58] app-docker.js not running.
[2025-03-30 20:51:00] app-docker.js not running.
[2025-03-30 20:51:02] app-docker.js not running.
[2025-03-30 20:51:04] app-docker.js not running.
[2025-03-30 20:51:06] app-docker.js not running.
[2025-03-30 20:51:08] app-docker.js not running.
[2025-03-30 20:51:10] app-docker.js not running.
[2025-03-30 20:51:12] app-docker.js not running.
[2025-03-30 20:51:14] app-docker.js not running.
[2025-03-30 20:51:16] app-docker.js not running.
[2025-03-30 20:51:18] app-docker.js not running.
[2025-03-30 20:51:20] app-docker.js not running.
[2025-03-30 20:51:22] app-docker.js not running.
[2025-03-30 20:51:24] app-docker.js not running.
[2025-03-30 20:51:26] app-docker.js not running.
[2025-03-30 20:51:28] app-docker.js not running.
[2025-03-30 20:51:30] app-docker.js not running.
[2025-03-30 20:51:32] app-docker.js not running.
[2025-03-30 20:51:34] app-docker.js not running.
[2025-03-30 20:51:36] app-docker.js not running.
[2025-03-30 20:51:38] app-docker.js not running.
[2025-03-30 20:51:40] app-docker.js not running.
[2025-03-30 20:51:42] app-docker.js not running.
[2025-03-30 20:51:44] app-docker.js not running.
[2025-03-30 20:51:46] app-docker.js not running.
[2025-03-30 20:51:48] app-docker.js not running.
[2025-03-30 20:51:50] app-docker.js not running.
[2025-03-30 20:51:52] app-docker.js not running.
[2025-03-30 20:51:54] app-docker.js not running.
[2025-03-30 20:51:56] app-docker.js not running.
[2025-03-30 20:51:58] app-docker.js not running.
[2025-03-30 20:52:00] app-docker.js not running.
[2025-03-30 20:52:02] app-docker.js not running.
[2025-03-30 20:52:04] app-docker.js not running.
[2025-03-30 20:52:07] app-docker.js not running.
[2025-03-30 20:52:09] app-docker.js not running.
[2025-03-30 20:52:11] app-docker.js not running.
[2025-03-30 20:52:13] app-docker.js not running.
[2025-03-30 20:52:15] app-docker.js not running.
[2025-03-30 20:52:17] app-docker.js not running.
[2025-03-30 20:52:19] app-docker.js not running.
[2025-03-30 20:52:21] app-docker.js not running.
[2025-03-30 20:52:23] app-docker.js not running.
[2025-03-30 20:52:25] app-docker.js not running.
[2025-03-30 20:52:27] app-docker.js not running.
[2025-03-30 20:52:29] app-docker.js not running.
[2025-03-30 20:52:31] app-docker.js not running.
[2025-03-30 20:52:33] app-docker.js not running.
[2025-03-30 20:52:35] app-docker.js not running.
[2025-03-30 20:52:37] app-docker.js not running.
[2025-03-30 20:52:39] app-docker.js not running.
[2025-03-30 20:52:41] app-docker.js not running.
[2025-03-30 20:52:43] app-docker.js not running.
[2025-03-30 20:52:45] app-docker.js not running.
[2025-03-30 20:52:47] app-docker.js not running.
[2025-03-30 20:52:49] app-docker.js not running.
[2025-03-30 20:52:51] app-docker.js not running.
[2025-03-30 20:52:53] app-docker.js not running.
[2025-03-30 20:52:55] app-docker.js not running.
[2025-03-30 20:52:57] app-docker.js not running.
[2025-03-30 20:52:59] app-docker.js not running.
[2025-03-30 20:53:01] app-docker.js not running.
[2025-03-30 20:53:03] app-docker.js not running.
[2025-03-30 20:53:05] app-docker.js not running.
[2025-03-30 20:53:07] app-docker.js not running.
[2025-03-30 20:53:09] app-docker.js not running.
[2025-03-30 20:53:11] app-docker.js not running.
[2025-03-30 20:53:13] app-docker.js not running.
[2025-03-30 20:53:15] app-docker.js not running.
[2025-03-30 20:53:18] app-docker.js not running.
[2025-03-30 20:53:20] app-docker.js not running.
[2025-03-30 20:53:22] app-docker.js not running.
[2025-03-30 20:53:24] app-docker.js not running.
[2025-03-30 20:53:26] app-docker.js not running.
[2025-03-30 20:53:28] app-docker.js not running.
[2025-03-30 20:53:30] app-docker.js not running.
[2025-03-30 20:53:32] app-docker.js not running.
[2025-03-30 20:53:34] app-docker.js not running.
[2025-03-30 20:53:36] app-docker.js not running.
[2025-03-30 20:53:38] app-docker.js not running.
[2025-03-30 20:53:40] app-docker.js not running.
[2025-03-30 20:53:42] app-docker.js not running.
[2025-03-30 20:53:44] app-docker.js not running.
[2025-03-30 20:53:46] app-docker.js not running.
[2025-03-30 20:53:48] app-docker.js not running.
[2025-03-30 20:53:50] app-docker.js not running.
[2025-03-30 20:53:52] app-docker.js not running.
[2025-03-30 20:53:54] app-docker.js not running.
[2025-03-30 20:53:56] app-docker.js not running.
[2025-03-30 20:53:58] app-docker.js not running.
[2025-03-30 20:54:00] app-docker.js not running.
[2025-03-30 20:54:02] app-docker.js not running.
[2025-03-30 20:54:04] app-docker.js not running.
[2025-03-30 20:54:06] app-docker.js not running.
[2025-03-30 20:54:08] app-docker.js not running.
[2025-03-30 20:54:10] app-docker.js not running.
[2025-03-30 20:54:12] app-docker.js not running.
[2025-03-30 20:54:14] app-docker.js not running.
[2025-03-30 20:54:16] app-docker.js not running.
[2025-03-30 20:54:18] app-docker.js not running.
[2025-03-30 20:54:20] app-docker.js not running.
[2025-03-30 20:54:23] app-docker.js not running.
[2025-03-30 20:54:25] app-docker.js not running.
[2025-03-30 20:54:27] app-docker.js not running.
[2025-03-30 20:54:29] app-docker.js not running.
[2025-03-30 20:54:31] app-docker.js not running.
[2025-03-30 20:54:33] app-docker.js not running.
[2025-03-30 20:54:35] app-docker.js not running.
[2025-03-30 20:54:37] app-docker.js not running.
[2025-03-30 20:54:39] app-docker.js not running.
[2025-03-30 20:54:41] app-docker.js not running.
[2025-03-30 20:54:43] app-docker.js not running.
[2025-03-30 20:54:45] app-docker.js not running.
[2025-03-30 20:54:47] app-docker.js not running.
[2025-03-30 20:54:49] app-docker.js not running.
[2025-03-30 20:54:51] app-docker.js not running.
[2025-03-30 20:54:53] app-docker.js not running.
[2025-03-30 20:54:55] app-docker.js not running.
[2025-03-30 20:54:57] app-docker.js not running.
[2025-03-30 20:54:59] app-docker.js not running.
[2025-03-30 20:55:01] app-docker.js not running.
[2025-03-30 20:55:03] app-docker.js not running.
[2025-03-30 20:55:05] app-docker.js not running.
[2025-03-30 20:55:07] app-docker.js not running.
[2025-03-30 20:55:09] app-docker.js not running.
[2025-03-30 20:55:11] app-docker.js not running.
[2025-03-30 20:55:13] app-docker.js not running.
[2025-03-30 20:55:15] app-docker.js not running.
[2025-03-30 20:55:17] app-docker.js not running.
[2025-03-30 20:55:19] app-docker.js not running.
[2025-03-30 20:55:21] app-docker.js not running.
[2025-03-30 20:55:23] app-docker.js not running.
[2025-03-30 20:55:25] app-docker.js not running.
[2025-03-30 20:55:27] app-docker.js not running.
[2025-03-30 20:55:30] app-docker.js not running.
[2025-03-30 20:55:32] app-docker.js not running.
[2025-03-30 20:55:34] app-docker.js not running.
[2025-03-30 20:55:36] app-docker.js not running.
[2025-03-30 20:55:38] app-docker.js not running.
[2025-03-30 20:55:40] app-docker.js not running.
[2025-03-30 20:55:42] app-docker.js not running.
[2025-03-30 20:55:44] app-docker.js not running.
[2025-03-30 20:55:46] app-docker.js not running.
[2025-03-30 20:55:48] app-docker.js not running.
[2025-03-30 20:55:50] app-docker.js not running.
[2025-03-30 20:55:52] app-docker.js not running.
[2025-03-30 20:55:54] app-docker.js not running.
[2025-03-30 20:55:56] app-docker.js not running.
[2025-03-30 20:55:58] app-docker.js not running.
[2025-03-30 20:56:00] app-docker.js not running.
[2025-03-30 20:56:02] app-docker.js not running.
[2025-03-30 20:56:04] app-docker.js not running.
[2025-03-30 20:56:06] app-docker.js not running.
[2025-03-30 20:56:08] app-docker.js not running.
[2025-03-30 20:56:10] app-docker.js not running.
[2025-03-30 20:56:12] app-docker.js not running.
[2025-03-30 20:56:14] app-docker.js not running.
[2025-03-30 20:56:16] app-docker.js not running.
[2025-03-30 20:56:18] app-docker.js not running.
[2025-03-30 20:56:20] app-docker.js not running.
[2025-03-30 20:56:22] app-docker.js not running.
[2025-03-30 20:56:24] app-docker.js not running.
[2025-03-30 20:56:26] app-docker.js not running.
[2025-03-30 20:56:28] app-docker.js not running.
[2025-03-30 20:56:30] app-docker.js not running.
[2025-03-30 20:56:32] app-docker.js not running.
[2025-03-30 20:56:34] app-docker.js not running.
[2025-03-30 20:56:36] app-docker.js not running.
[2025-03-30 20:56:38] app-docker.js not running.
[2025-03-30 20:56:41] app-docker.js not running.
[2025-03-30 20:56:43] app-docker.js not running.
[2025-03-30 20:56:45] app-docker.js not running.
[2025-03-30 20:56:47] app-docker.js not running.
[2025-03-30 20:56:49] app-docker.js not running.
[2025-03-30 20:56:51] app-docker.js not running.
[2025-03-30 20:56:53] app-docker.js not running.
[2025-03-30 20:56:55] app-docker.js not running.
[2025-03-30 20:56:57] app-docker.js not running.
[2025-03-30 20:56:59] app-docker.js not running.
[2025-03-30 20:57:01] app-docker.js not running.
[2025-03-30 20:57:03] app-docker.js not running.
[2025-03-30 20:57:05] app-docker.js not running.
[2025-03-30 20:57:07] app-docker.js not running.
[2025-03-30 20:57:09] app-docker.js not running.
[2025-03-30 20:57:11] app-docker.js not running.
[2025-03-30 20:57:13] app-docker.js not running.
[2025-03-30 20:57:15] app-docker.js not running.
[2025-03-30 20:57:17] app-docker.js not running.
[2025-03-30 20:57:19] app-docker.js not running.
[2025-03-30 20:57:21] app-docker.js not running.
[2025-03-30 20:57:23] app-docker.js not running.
[2025-03-30 20:57:25] app-docker.js not running.
[2025-03-30 20:57:27] app-docker.js not running.
[2025-03-30 20:57:29] app-docker.js not running.
[2025-03-30 20:57:31] app-docker.js not running.
[2025-03-30 20:57:34] app-docker.js not running.
[2025-03-30 20:57:36] app-docker.js not running.
[2025-03-30 20:57:38] app-docker.js not running.
[2025-03-30 20:57:40] app-docker.js not running.
[2025-03-30 20:57:42] app-docker.js not running.
[2025-03-30 20:57:44] app-docker.js not running.
[2025-03-30 20:57:46] app-docker.js not running.
[2025-03-30 20:57:48] app-docker.js not running.
[2025-03-30 20:57:50] app-docker.js not running.
[2025-03-30 20:57:52] app-docker.js not running.
[2025-03-30 20:57:54] app-docker.js not running.
[2025-03-30 20:57:56] app-docker.js not running.
[2025-03-30 20:57:58] app-docker.js not running.
[2025-03-30 20:58:00] app-docker.js not running.
[2025-03-30 20:58:02] app-docker.js not running.
[2025-03-30 20:58:04] app-docker.js not running.
[2025-03-30 20:58:06] app-docker.js not running.
[2025-03-30 20:58:08] app-docker.js not running.
[2025-03-30 20:58:10] app-docker.js not running.
[2025-03-30 20:58:13] app-docker.js not running.
[2025-03-30 20:58:15] app-docker.js not running.
[2025-03-30 20:58:17] app-docker.js not running.
[2025-03-30 20:58:19] app-docker.js not running.
[2025-03-30 20:58:21] app-docker.js not running.
[2025-03-30 20:58:23] app-docker.js not running.
[2025-03-30 20:58:25] app-docker.js not running.
[2025-03-30 20:58:27] app-docker.js not running.
[2025-03-30 20:58:29] app-docker.js not running.
[2025-03-30 20:58:31] app-docker.js not running.
[2025-03-30 20:58:33] app-docker.js not running.
[2025-03-30 20:58:35] app-docker.js not running.
[2025-03-30 20:58:37] app-docker.js not running.
[2025-03-30 20:58:39] app-docker.js not running.
[2025-03-30 20:58:41] app-docker.js not running.
[2025-03-30 20:58:43] app-docker.js not running.
[2025-03-30 20:58:45] app-docker.js not running.
[2025-03-30 20:58:47] app-docker.js not running.
[2025-03-30 20:58:49] app-docker.js not running.
[2025-03-30 20:58:51] app-docker.js not running.
[2025-03-30 20:58:53] app-docker.js not running.
[2025-03-30 20:58:55] app-docker.js not running.
[2025-03-30 20:58:57] app-docker.js not running.
[2025-03-30 20:58:59] app-docker.js not running.
[2025-03-30 20:59:01] app-docker.js not running.
[2025-03-30 20:59:03] app-docker.js not running.
[2025-03-30 20:59:05] app-docker.js not running.
[2025-03-30 20:59:07] app-docker.js not running.
[2025-03-30 20:59:09] app-docker.js not running.
[2025-03-30 20:59:11] app-docker.js not running.
[2025-03-30 20:59:13] app-docker.js not running.
[2025-03-30 20:59:15] app-docker.js not running.
[2025-03-30 20:59:17] app-docker.js not running.
[2025-03-30 20:59:19] app-docker.js not running.
[2025-03-30 20:59:22] app-docker.js not running.
[2025-03-30 20:59:24] app-docker.js not running.
[2025-03-30 20:59:26] app-docker.js not running.
[2025-03-30 20:59:28] app-docker.js not running.
[2025-03-30 20:59:30] app-docker.js not running.
[2025-03-30 20:59:32] app-docker.js not running.
[2025-03-30 20:59:34] app-docker.js not running.
[2025-03-30 20:59:36] app-docker.js not running.
[2025-03-30 20:59:38] app-docker.js not running.
[2025-03-30 20:59:40] app-docker.js not running.
[2025-03-30 20:59:42] app-docker.js not running.
[2025-03-30 20:59:44] app-docker.js not running.
[2025-03-30 20:59:46] app-docker.js not running.
[2025-03-30 20:59:48] app-docker.js not running.
[2025-03-30 20:59:50] app-docker.js not running.
[2025-03-30 20:59:52] app-docker.js not running.
[2025-03-30 20:59:54] app-docker.js not running.
[2025-03-30 20:59:56] app-docker.js not running.
[2025-03-30 20:59:58] app-docker.js not running.
[2025-03-30 21:00:00] app-docker.js not running.
[2025-03-30 21:00:02] app-docker.js not running.
[2025-03-30 21:00:04] app-docker.js not running.
[2025-03-30 21:00:06] app-docker.js not running.
[2025-03-30 21:00:08] app-docker.js not running.
[2025-03-30 21:00:10] app-docker.js not running.
[2025-03-30 21:00:12] app-docker.js not running.
[2025-03-30 21:00:14] app-docker.js not running.
[2025-03-30 21:00:16] app-docker.js not running.
[2025-03-30 21:00:18] app-docker.js not running.
[2025-03-30 21:00:20] app-docker.js not running.
[2025-03-30 21:00:22] app-docker.js not running.
[2025-03-30 21:00:24] app-docker.js not running.
[2025-03-30 21:00:26] app-docker.js not running.
[2025-03-30 21:00:28] app-docker.js not running.
[2025-03-30 21:00:30] app-docker.js not running.
[2025-03-30 21:00:32] app-docker.js not running.
[2025-03-30 21:00:35] app-docker.js not running.
[2025-03-30 21:00:37] app-docker.js not running.
[2025-03-30 21:00:39] app-docker.js not running.
[2025-03-30 21:00:41] app-docker.js not running.
[2025-03-30 21:00:43] app-docker.js not running.
[2025-03-30 21:00:45] app-docker.js not running.
[2025-03-30 21:00:47] app-docker.js not running.
[2025-03-30 21:00:49] app-docker.js not running.
[2025-03-30 21:00:51] app-docker.js not running.
[2025-03-30 21:00:53] app-docker.js not running.
[2025-03-30 21:00:55] app-docker.js not running.
[2025-03-30 21:00:57] app-docker.js not running.
[2025-03-30 21:00:59] app-docker.js not running.
[2025-03-30 21:01:01] app-docker.js not running.
[2025-03-30 21:01:03] app-docker.js not running.
[2025-03-30 21:01:05] app-docker.js not running.
[2025-03-30 21:01:07] app-docker.js not running.
[2025-03-30 21:01:09] app-docker.js not running.
[2025-03-30 21:01:11] app-docker.js not running.
[2025-03-30 21:01:13] app-docker.js not running.
[2025-03-30 21:01:15] app-docker.js not running.
[2025-03-30 21:01:17] app-docker.js not running.
[2025-03-30 21:01:19] app-docker.js not running.
[2025-03-30 21:01:21] app-docker.js not running.
[2025-03-30 21:01:23] app-docker.js not running.
[2025-03-30 21:01:25] app-docker.js not running.
[2025-03-30 21:01:27] app-docker.js not running.
[2025-03-30 21:01:29] app-docker.js not running.
[2025-03-30 21:01:31] app-docker.js not running.
[2025-03-30 21:01:33] app-docker.js not running.
[2025-03-30 21:01:35] app-docker.js not running.
[2025-03-30 21:01:37] app-docker.js not running.
[2025-03-30 21:01:39] app-docker.js not running.
[2025-03-30 21:01:41] app-docker.js not running.
[2025-03-30 21:01:43] app-docker.js not running.
[2025-03-30 21:01:46] app-docker.js not running.
[2025-03-30 21:01:48] app-docker.js not running.
[2025-03-30 21:01:50] app-docker.js not running.
[2025-03-30 21:01:52] app-docker.js not running.
[2025-03-30 21:01:54] app-docker.js not running.
[2025-03-30 21:01:56] app-docker.js not running.
[2025-03-30 21:01:58] app-docker.js not running.
[2025-03-30 21:02:00] app-docker.js not running.
[2025-03-30 21:02:02] app-docker.js not running.
[2025-03-30 21:02:04] app-docker.js not running.
[2025-03-30 21:02:06] app-docker.js not running.
[2025-03-30 21:02:08] app-docker.js not running.
[2025-03-30 21:02:10] app-docker.js not running.
[2025-03-30 21:02:12] app-docker.js not running.
[2025-03-30 21:02:14] app-docker.js not running.
[2025-03-30 21:02:16] app-docker.js not running.
[2025-03-30 21:02:18] app-docker.js not running.
[2025-03-30 21:02:20] app-docker.js not running.
[2025-03-30 21:02:22] app-docker.js not running.
[2025-03-30 21:02:24] app-docker.js not running.
[2025-03-30 21:02:26] app-docker.js not running.
[2025-03-30 21:02:28] app-docker.js not running.
[2025-03-30 21:02:30] app-docker.js not running.
[2025-03-30 21:02:32] app-docker.js not running.
[2025-03-30 21:02:34] app-docker.js not running.
[2025-03-30 21:02:36] app-docker.js not running.
[2025-03-30 21:02:38] app-docker.js not running.
[2025-03-30 21:02:40] app-docker.js not running.
[2025-03-30 21:02:42] app-docker.js not running.
[2025-03-30 21:02:44] app-docker.js not running.
[2025-03-30 21:02:46] app-docker.js not running.
[2025-03-30 21:02:48] app-docker.js not running.
[2025-03-30 21:02:50] app-docker.js not running.
[2025-03-30 21:02:52] app-docker.js not running.
[2025-03-30 21:02:55] app-docker.js not running.
[2025-03-30 21:02:57] app-docker.js not running.
[2025-03-30 21:02:59] app-docker.js not running.
[2025-03-30 21:03:01] app-docker.js not running.
[2025-03-30 21:03:03] app-docker.js not running.
[2025-03-30 21:03:05] app-docker.js not running.
[2025-03-30 21:03:07] app-docker.js not running.
[2025-03-30 21:03:09] app-docker.js not running.
[2025-03-30 21:03:11] app-docker.js not running.
[2025-03-30 21:03:13] app-docker.js not running.
[2025-03-30 21:03:15] app-docker.js not running.
[2025-03-30 21:03:17] app-docker.js not running.
[2025-03-30 21:03:19] app-docker.js not running.
[2025-03-30 21:03:21] app-docker.js not running.
[2025-03-30 21:03:23] app-docker.js not running.
[2025-03-30 21:03:25] app-docker.js not running.
[2025-03-30 21:03:27] app-docker.js not running.
[2025-03-30 21:03:29] app-docker.js not running.
[2025-03-30 21:03:31] app-docker.js not running.
[2025-03-30 21:03:33] app-docker.js not running.
[2025-03-30 21:03:35] app-docker.js not running.
[2025-03-30 21:03:37] app-docker.js not running.
[2025-03-30 21:03:39] app-docker.js not running.
[2025-03-30 21:03:41] app-docker.js not running.
[2025-03-30 21:03:43] app-docker.js not running.
[2025-03-30 21:03:45] app-docker.js not running.
[2025-03-30 21:03:47] app-docker.js not running.
[2025-03-30 21:03:49] app-docker.js not running.
[2025-03-30 21:03:51] app-docker.js not running.
[2025-03-30 21:03:53] app-docker.js not running.
[2025-03-30 21:03:55] app-docker.js not running.
[2025-03-30 21:03:57] app-docker.js not running.
[2025-03-30 21:03:59] app-docker.js not running.
[2025-03-30 21:04:01] app-docker.js not running.
[2025-03-30 21:04:03] app-docker.js not running.
[2025-03-30 21:04:05] app-docker.js not running.
[2025-03-30 21:04:08] app-docker.js not running.
[2025-03-30 21:04:10] app-docker.js not running.
[2025-03-30 21:04:12] app-docker.js not running.
[2025-03-30 21:04:14] app-docker.js not running.
[2025-03-30 21:04:16] app-docker.js not running.
[2025-03-30 21:04:18] app-docker.js not running.
[2025-03-30 21:04:20] app-docker.js not running.
[2025-03-30 21:04:22] app-docker.js not running.
[2025-03-30 21:04:24] app-docker.js not running.
[2025-03-30 21:04:26] app-docker.js not running.
[2025-03-30 21:04:28] app-docker.js not running.
[2025-03-30 21:04:30] app-docker.js not running.
[2025-03-30 21:04:32] app-docker.js not running.
[2025-03-30 21:04:34] app-docker.js not running.
[2025-03-30 21:04:36] app-docker.js not running.
[2025-03-30 21:04:38] app-docker.js not running.
[2025-03-30 21:04:40] app-docker.js not running.
[2025-03-30 21:04:42] app-docker.js not running.
[2025-03-30 21:04:44] app-docker.js not running.
[2025-03-30 21:04:46] app-docker.js not running.
[2025-03-30 21:04:48] app-docker.js not running.
[2025-03-30 21:04:50] app-docker.js not running.
[2025-03-30 21:04:52] app-docker.js not running.
[2025-03-30 21:04:54] app-docker.js not running.
[2025-03-30 21:04:56] app-docker.js not running.
[2025-03-30 21:04:58] app-docker.js not running.
[2025-03-30 21:05:00] app-docker.js not running.
[2025-03-30 21:05:02] app-docker.js not running.
[2025-03-30 21:05:04] app-docker.js not running.
[2025-03-30 21:05:06] app-docker.js not running.
[2025-03-30 21:05:08] app-docker.js not running.
[2025-03-30 21:05:10] app-docker.js not running.
[2025-03-30 21:05:12] app-docker.js not running.
[2025-03-30 21:05:14] app-docker.js not running.
[2025-03-30 21:05:16] app-docker.js not running.
[2025-03-30 21:05:19] app-docker.js not running.
[2025-03-30 21:05:21] app-docker.js not running.
[2025-03-30 21:05:23] app-docker.js not running.
[2025-03-30 21:05:25] app-docker.js not running.
[2025-03-30 21:05:27] app-docker.js not running.
[2025-03-30 21:05:29] app-docker.js not running.
[2025-03-30 21:05:31] app-docker.js not running.
[2025-03-30 21:05:33] app-docker.js not running.
[2025-03-30 21:05:35] app-docker.js not running.
[2025-03-30 21:05:37] app-docker.js not running.
[2025-03-30 21:05:39] app-docker.js not running.
[2025-03-30 21:05:41] app-docker.js not running.
[2025-03-30 21:05:43] app-docker.js not running.
[2025-03-30 21:05:45] app-docker.js not running.
[2025-03-30 21:05:47] app-docker.js not running.
[2025-03-30 21:05:49] app-docker.js not running.
[2025-03-30 21:05:51] app-docker.js not running.
[2025-03-30 21:05:53] app-docker.js not running.
[2025-03-30 21:05:55] app-docker.js not running.
[2025-03-30 21:05:57] app-docker.js not running.
[2025-03-30 21:05:59] app-docker.js not running.
[2025-03-30 21:06:01] app-docker.js not running.
[2025-03-30 21:06:03] app-docker.js not running.
[2025-03-30 21:06:05] app-docker.js not running.
[2025-03-30 21:06:07] app-docker.js not running.
[2025-03-30 21:06:09] app-docker.js not running.
[2025-03-30 21:06:11] app-docker.js not running.
[2025-03-30 21:06:13] app-docker.js not running.
[2025-03-30 21:06:15] app-docker.js not running.
[2025-03-30 21:06:17] app-docker.js not running.
[2025-03-30 21:06:19] app-docker.js not running.
[2025-03-30 21:06:21] app-docker.js not running.
[2025-03-30 21:06:23] app-docker.js not running.
[2025-03-30 21:06:25] app-docker.js not running.
[2025-03-30 21:06:28] app-docker.js not running.
[2025-03-30 21:06:30] app-docker.js not running.
[2025-03-30 21:06:32] app-docker.js not running.
[2025-03-30 21:06:34] app-docker.js not running.
[2025-03-30 21:06:36] app-docker.js not running.
[2025-03-30 21:06:38] app-docker.js not running.
[2025-03-30 21:06:40] app-docker.js not running.
[2025-03-30 21:06:42] app-docker.js not running.
[2025-03-30 21:06:44] app-docker.js not running.
[2025-03-30 21:06:46] app-docker.js not running.
[2025-03-30 21:06:48] app-docker.js not running.
[2025-03-30 21:06:50] app-docker.js not running.
[2025-03-30 21:06:52] app-docker.js not running.
[2025-03-30 21:06:54] app-docker.js not running.
[2025-03-30 21:06:56] app-docker.js not running.
[2025-03-30 21:06:58] app-docker.js not running.
[2025-03-30 21:07:00] app-docker.js not running.
[2025-03-30 21:07:02] app-docker.js not running.
[2025-03-30 21:07:04] app-docker.js not running.
[2025-03-30 21:07:06] app-docker.js not running.
[2025-03-30 21:07:08] app-docker.js not running.
[2025-03-30 21:07:10] app-docker.js not running.
[2025-03-30 21:07:12] app-docker.js not running.
[2025-03-30 21:07:14] app-docker.js not running.
[2025-03-30 21:07:16] app-docker.js not running.
[2025-03-30 21:07:18] app-docker.js not running.
[2025-03-30 21:07:20] app-docker.js not running.
[2025-03-30 21:07:22] app-docker.js not running.
[2025-03-30 21:07:24] app-docker.js not running.
[2025-03-30 21:07:26] app-docker.js not running.
[2025-03-30 21:07:28] app-docker.js not running.
[2025-03-30 21:07:30] app-docker.js not running.
[2025-03-30 21:07:32] app-docker.js not running.
[2025-03-30 21:07:34] app-docker.js not running.
[2025-03-30 21:07:37] app-docker.js not running.
[2025-03-30 21:07:39] app-docker.js not running.
[2025-03-30 21:07:41] app-docker.js not running.
[2025-03-30 21:07:43] app-docker.js not running.
[2025-03-30 21:07:45] app-docker.js not running.
[2025-03-30 21:07:47] app-docker.js not running.
[2025-03-30 21:07:49] app-docker.js not running.
[2025-03-30 21:07:51] app-docker.js not running.
[2025-03-30 21:07:53] app-docker.js not running.
[2025-03-30 21:07:55] app-docker.js not running.
[2025-03-30 21:07:57] app-docker.js not running.
[2025-03-30 21:07:59] app-docker.js not running.
[2025-03-30 21:08:01] app-docker.js not running.
[2025-03-30 21:08:03] app-docker.js not running.
[2025-03-30 21:08:05] app-docker.js not running.
[2025-03-30 21:08:07] app-docker.js not running.
[2025-03-30 21:08:09] app-docker.js not running.
[2025-03-30 21:08:11] app-docker.js not running.
[2025-03-30 21:08:13] app-docker.js not running.
[2025-03-30 21:08:15] app-docker.js not running.
[2025-03-30 21:08:17] app-docker.js not running.
[2025-03-30 21:08:19] app-docker.js not running.
[2025-03-30 21:08:21] app-docker.js not running.
[2025-03-30 21:08:23] app-docker.js not running.
[2025-03-30 21:08:25] app-docker.js not running.
[2025-03-30 21:08:27] app-docker.js not running.
[2025-03-30 21:08:29] app-docker.js not running.
[2025-03-30 21:08:31] app-docker.js not running.
[2025-03-30 21:08:33] app-docker.js not running.
[2025-03-30 21:08:35] app-docker.js not running.
[2025-03-30 21:08:37] app-docker.js not running.
[2025-03-30 21:08:39] app-docker.js not running.
[2025-03-30 21:08:41] app-docker.js not running.
[2025-03-30 21:08:44] app-docker.js not running.
[2025-03-30 21:08:46] app-docker.js not running.
[2025-03-30 21:08:48] app-docker.js not running.
[2025-03-30 21:08:50] app-docker.js not running.
[2025-03-30 21:08:52] app-docker.js not running.
[2025-03-30 21:08:54] app-docker.js not running.
[2025-03-30 21:08:56] app-docker.js not running.
[2025-03-30 21:08:58] app-docker.js not running.
[2025-03-30 21:09:00] app-docker.js not running.
[2025-03-30 21:09:02] app-docker.js not running.
[2025-03-30 21:09:04] app-docker.js not running.
[2025-03-30 21:09:06] app-docker.js not running.
[2025-03-30 21:09:08] app-docker.js not running.
[2025-03-30 21:09:10] app-docker.js not running.
[2025-03-30 21:09:12] app-docker.js not running.
[2025-03-30 21:09:14] app-docker.js not running.
[2025-03-30 21:09:16] app-docker.js not running.
[2025-03-30 21:09:18] app-docker.js not running.
[2025-03-30 21:09:20] app-docker.js not running.
[2025-03-30 21:09:22] app-docker.js not running.
[2025-03-30 21:09:24] app-docker.js not running.
[2025-03-30 21:09:26] app-docker.js not running.
[2025-03-30 21:09:28] app-docker.js not running.
[2025-03-30 21:09:30] app-docker.js not running.
[2025-03-30 21:09:32] app-docker.js not running.
[2025-03-30 21:09:34] app-docker.js not running.
[2025-03-30 21:09:36] app-docker.js not running.
[2025-03-30 21:09:38] app-docker.js not running.
[2025-03-30 21:09:40] app-docker.js not running.
[2025-03-30 21:09:42] app-docker.js not running.
[2025-03-30 21:09:44] app-docker.js not running.
[2025-03-30 21:09:46] app-docker.js not running.
[2025-03-30 21:09:48] app-docker.js not running.
[2025-03-30 21:09:50] app-docker.js not running.
[2025-03-30 21:09:52] app-docker.js not running.
[2025-03-30 21:09:55] app-docker.js not running.
[2025-03-30 21:09:57] app-docker.js not running.
[2025-03-30 21:09:59] app-docker.js not running.
[2025-03-30 21:10:01] app-docker.js not running.
[2025-03-30 21:10:03] app-docker.js not running.
[2025-03-30 21:10:05] app-docker.js not running.
[2025-03-30 21:10:07] app-docker.js not running.
[2025-03-30 21:10:09] app-docker.js not running.
[2025-03-30 21:10:11] app-docker.js not running.
[2025-03-30 21:10:13] app-docker.js not running.
[2025-03-30 21:10:15] app-docker.js not running.
[2025-03-30 21:10:17] app-docker.js not running.
[2025-03-30 21:10:19] app-docker.js not running.
[2025-03-30 21:10:21] app-docker.js not running.
[2025-03-30 21:10:23] app-docker.js not running.
[2025-03-30 21:10:25] app-docker.js not running.
[2025-03-30 21:10:27] app-docker.js not running.
[2025-03-30 21:10:29] app-docker.js not running.
[2025-03-30 21:10:31] app-docker.js not running.
[2025-03-30 21:10:33] app-docker.js not running.
[2025-03-30 21:10:35] app-docker.js not running.
[2025-03-30 21:10:37] app-docker.js not running.
[2025-03-30 21:10:39] app-docker.js not running.
[2025-03-30 21:10:41] app-docker.js not running.
[2025-03-30 21:10:43] app-docker.js not running.
[2025-03-30 21:10:45] app-docker.js not running.
[2025-03-30 21:10:47] app-docker.js not running.
[2025-03-30 21:10:49] app-docker.js not running.
[2025-03-30 21:10:51] app-docker.js not running.
[2025-03-30 21:10:53] app-docker.js not running.
[2025-03-30 21:10:55] app-docker.js not running.
[2025-03-30 21:10:57] app-docker.js not running.
[2025-03-30 21:10:59] app-docker.js not running.
[2025-03-30 21:11:01] app-docker.js not running.
[2025-03-30 21:11:04] app-docker.js not running.
[2025-03-30 21:11:06] app-docker.js not running.
[2025-03-30 21:11:08] app-docker.js not running.
[2025-03-30 21:11:10] app-docker.js not running.
[2025-03-30 21:11:12] app-docker.js not running.
[2025-03-30 21:11:14] app-docker.js not running.
[2025-03-30 21:11:16] app-docker.js not running.
[2025-03-30 21:11:18] app-docker.js not running.
[2025-03-30 21:11:20] app-docker.js not running.
[2025-03-30 21:11:22] app-docker.js not running.
[2025-03-30 21:11:24] app-docker.js not running.
[2025-03-30 21:11:26] app-docker.js not running.
[2025-03-30 21:11:28] app-docker.js not running.
[2025-03-30 21:11:30] app-docker.js not running.
[2025-03-30 21:11:32] app-docker.js not running.
[2025-03-30 21:11:34] app-docker.js not running.
[2025-03-30 21:11:36] app-docker.js not running.
[2025-03-30 21:11:38] app-docker.js not running.
[2025-03-30 21:11:40] app-docker.js not running.
[2025-03-30 21:11:42] app-docker.js not running.
[2025-03-30 21:11:44] app-docker.js not running.
[2025-03-30 21:11:46] app-docker.js not running.
[2025-03-30 21:11:48] app-docker.js not running.
[2025-03-30 21:11:50] app-docker.js not running.
[2025-03-30 21:11:52] app-docker.js not running.
[2025-03-30 21:11:54] app-docker.js not running.
[2025-03-30 21:11:56] app-docker.js not running.
[2025-03-30 21:11:58] app-docker.js not running.
[2025-03-30 21:12:00] app-docker.js not running.
[2025-03-30 21:12:02] app-docker.js not running.
[2025-03-30 21:12:04] app-docker.js not running.
[2025-03-30 21:12:06] app-docker.js not running.
[2025-03-30 21:12:08] app-docker.js not running.
[2025-03-30 21:12:10] app-docker.js not running.
[2025-03-30 21:12:12] app-docker.js not running.
[2025-03-30 21:12:14] app-docker.js not running.
[2025-03-30 21:12:17] app-docker.js not running.
[2025-03-30 21:12:19] app-docker.js not running.
[2025-03-30 21:12:21] app-docker.js not running.
[2025-03-30 21:12:23] app-docker.js not running.
[2025-03-30 21:12:25] app-docker.js not running.
[2025-03-30 21:12:27] app-docker.js not running.
[2025-03-30 21:12:29] app-docker.js not running.
[2025-03-30 21:12:31] app-docker.js not running.
[2025-03-30 21:12:33] app-docker.js not running.
[2025-03-30 21:12:35] app-docker.js not running.
[2025-03-30 21:12:37] app-docker.js not running.
[2025-03-30 21:12:39] app-docker.js not running.
[2025-03-30 21:12:41] app-docker.js not running.
[2025-03-30 21:12:43] app-docker.js not running.
[2025-03-30 21:12:45] app-docker.js not running.
[2025-03-30 21:12:47] app-docker.js not running.
[2025-03-30 21:12:49] app-docker.js not running.
[2025-03-30 21:12:51] app-docker.js not running.
[2025-03-30 21:12:53] app-docker.js not running.
[2025-03-30 21:12:55] app-docker.js not running.
[2025-03-30 21:12:57] app-docker.js not running.
[2025-03-30 21:12:59] app-docker.js not running.
[2025-03-30 21:13:01] app-docker.js not running.
[2025-03-30 21:13:03] app-docker.js not running.
[2025-03-30 21:13:05] app-docker.js not running.
[2025-03-30 21:13:07] app-docker.js not running.
[2025-03-30 21:13:09] app-docker.js not running.
[2025-03-30 21:13:11] app-docker.js not running.
[2025-03-30 21:13:13] app-docker.js not running.
[2025-03-30 21:13:15] app-docker.js not running.
[2025-03-30 21:13:17] app-docker.js not running.
[2025-03-30 21:13:19] app-docker.js not running.
[2025-03-30 21:13:21] app-docker.js not running.
[2025-03-30 21:13:23] app-docker.js not running.
[2025-03-30 21:13:25] app-docker.js not running.
[2025-03-30 21:13:27] app-docker.js not running.
[2025-03-30 21:13:30] app-docker.js not running.
[2025-03-30 21:13:32] app-docker.js not running.
[2025-03-30 21:13:34] app-docker.js not running.
[2025-03-30 21:13:36] app-docker.js not running.
[2025-03-30 21:13:38] app-docker.js not running.
[2025-03-30 21:13:40] app-docker.js not running.
[2025-03-30 21:13:42] app-docker.js not running.
[2025-03-30 21:13:44] app-docker.js not running.
[2025-03-30 21:13:46] app-docker.js not running.
[2025-03-30 21:13:48] app-docker.js not running.
[2025-03-30 21:13:50] app-docker.js not running.
[2025-03-30 21:13:52] app-docker.js not running.
[2025-03-30 21:13:54] app-docker.js not running.
[2025-03-30 21:13:56] app-docker.js not running.
[2025-03-30 21:13:58] app-docker.js not running.
[2025-03-30 21:14:00] app-docker.js not running.
[2025-03-30 21:14:02] app-docker.js not running.
[2025-03-30 21:14:04] app-docker.js not running.
[2025-03-30 21:14:06] app-docker.js not running.
[2025-03-30 21:14:08] app-docker.js not running.
[2025-03-30 21:14:10] app-docker.js not running.
[2025-03-30 21:14:12] app-docker.js not running.
[2025-03-30 21:14:14] app-docker.js not running.
[2025-03-30 21:14:16] app-docker.js not running.
[2025-03-30 21:14:18] app-docker.js not running.
[2025-03-30 21:14:20] app-docker.js not running.
[2025-03-30 21:14:22] app-docker.js not running.
[2025-03-30 21:14:24] app-docker.js not running.
[2025-03-30 21:14:26] app-docker.js not running.
[2025-03-30 21:14:28] app-docker.js not running.
[2025-03-30 21:14:30] app-docker.js not running.
[2025-03-30 21:14:32] app-docker.js not running.
[2025-03-30 21:14:34] app-docker.js not running.
[2025-03-30 21:14:36] app-docker.js not running.
[2025-03-30 21:14:38] app-docker.js not running.
[2025-03-30 21:14:40] app-docker.js not running.
[2025-03-30 21:14:43] app-docker.js not running.
[2025-03-30 21:14:45] app-docker.js not running.
[2025-03-30 21:14:47] app-docker.js not running.
[2025-03-30 21:14:49] app-docker.js not running.
[2025-03-30 21:14:51] app-docker.js not running.
[2025-03-30 21:14:53] app-docker.js not running.
[2025-03-30 21:14:55] app-docker.js not running.
[2025-03-30 21:14:57] app-docker.js not running.
[2025-03-30 21:14:59] app-docker.js not running.
[2025-03-30 21:15:01] app-docker.js not running.
[2025-03-30 21:15:03] app-docker.js not running.
[2025-03-30 21:15:05] app-docker.js not running.
[2025-03-30 21:15:07] app-docker.js not running.
[2025-03-30 21:15:09] app-docker.js not running.
[2025-03-30 21:15:11] app-docker.js not running.
[2025-03-30 21:15:13] app-docker.js not running.
[2025-03-30 21:15:15] app-docker.js not running.
[2025-03-30 21:15:17] app-docker.js not running.
[2025-03-30 21:15:19] app-docker.js not running.
[2025-03-30 21:15:21] app-docker.js not running.
[2025-03-30 21:15:23] app-docker.js not running.
[2025-03-30 21:15:25] app-docker.js not running.
[2025-03-30 21:15:27] app-docker.js not running.
[2025-03-30 21:15:29] app-docker.js not running.
[2025-03-30 21:15:31] app-docker.js not running.
[2025-03-30 21:15:33] app-docker.js not running.
[2025-03-30 21:15:35] app-docker.js not running.
[2025-03-30 21:15:37] app-docker.js not running.
[2025-03-30 21:15:39] app-docker.js not running.
[2025-03-30 21:15:41] app-docker.js not running.
[2025-03-30 21:15:43] app-docker.js not running.
[2025-03-30 21:15:45] app-docker.js not running.
[2025-03-30 21:15:47] app-docker.js not running.
[2025-03-30 21:15:49] app-docker.js not running.
[2025-03-30 21:15:52] app-docker.js not running.
[2025-03-30 21:15:54] app-docker.js not running.
[2025-03-30 21:15:56] app-docker.js not running.
[2025-03-30 21:15:58] app-docker.js not running.
[2025-03-30 21:16:00] app-docker.js not running.
[2025-03-30 21:16:02] app-docker.js not running.
[2025-03-30 21:16:04] app-docker.js not running.
[2025-03-30 21:16:06] app-docker.js not running.
[2025-03-30 21:16:08] app-docker.js not running.
[2025-03-30 21:16:10] app-docker.js not running.
[2025-03-30 21:16:12] app-docker.js not running.
[2025-03-30 21:16:14] app-docker.js not running.
[2025-03-30 21:16:16] app-docker.js not running.
[2025-03-30 21:16:18] app-docker.js not running.
[2025-03-30 21:16:20] app-docker.js not running.
[2025-03-30 21:16:22] app-docker.js not running.
[2025-03-30 21:16:24] app-docker.js not running.
[2025-03-30 21:16:26] app-docker.js not running.
[2025-03-30 21:16:28] app-docker.js not running.
[2025-03-30 21:16:30] app-docker.js not running.
[2025-03-30 21:16:32] app-docker.js not running.
[2025-03-30 21:16:34] app-docker.js not running.
[2025-03-30 21:16:36] app-docker.js not running.
[2025-03-30 21:16:38] app-docker.js not running.
[2025-03-30 21:16:40] app-docker.js not running.
[2025-03-30 21:16:42] app-docker.js not running.
[2025-03-30 21:16:44] app-docker.js not running.
[2025-03-30 21:16:46] app-docker.js not running.
[2025-03-30 21:16:48] app-docker.js not running.
[2025-03-30 21:16:50] app-docker.js not running.
[2025-03-30 21:16:52] app-docker.js not running.
[2025-03-30 21:16:54] app-docker.js not running.
[2025-03-30 21:16:56] app-docker.js not running.
[2025-03-30 21:16:58] app-docker.js not running.
[2025-03-30 21:17:00] app-docker.js not running.
[2025-03-30 21:17:02] app-docker.js not running.
[2025-03-30 21:17:04] app-docker.js not running.
[2025-03-30 21:17:07] app-docker.js not running.
[2025-03-30 21:17:09] app-docker.js not running.
[2025-03-30 21:17:11] app-docker.js not running.
[2025-03-30 21:17:13] app-docker.js not running.
[2025-03-30 21:17:15] app-docker.js not running.
[2025-03-30 21:17:17] app-docker.js not running.
[2025-03-30 21:17:19] app-docker.js not running.
[2025-03-30 21:17:21] app-docker.js not running.
[2025-03-30 21:17:23] app-docker.js not running.
[2025-03-30 21:17:25] app-docker.js not running.
[2025-03-30 21:17:27] app-docker.js not running.
[2025-03-30 21:17:29] app-docker.js not running.
[2025-03-30 21:17:31] app-docker.js not running.
[2025-03-30 21:17:33] app-docker.js not running.
[2025-03-30 21:17:35] app-docker.js not running.
[2025-03-30 21:17:37] app-docker.js not running.
[2025-03-30 21:17:39] app-docker.js not running.
[2025-03-30 21:17:41] app-docker.js not running.
[2025-03-30 21:17:43] app-docker.js not running.
[2025-03-30 21:17:45] app-docker.js not running.
[2025-03-30 21:17:47] app-docker.js not running.
[2025-03-30 21:17:49] app-docker.js not running.
[2025-03-30 21:17:51] app-docker.js not running.
[2025-03-30 21:17:53] app-docker.js not running.
[2025-03-30 21:17:55] app-docker.js not running.
[2025-03-30 21:17:57] app-docker.js not running.
[2025-03-30 21:17:59] app-docker.js not running.
[2025-03-30 21:18:01] app-docker.js not running.
[2025-03-30 21:18:03] app-docker.js not running.
[2025-03-30 21:18:05] app-docker.js not running.
[2025-03-30 21:18:07] app-docker.js not running.
[2025-03-30 21:18:09] app-docker.js not running.
[2025-03-30 21:18:11] app-docker.js not running.
[2025-03-30 21:18:13] app-docker.js not running.
[2025-03-30 21:18:15] app-docker.js not running.
[2025-03-30 21:18:17] app-docker.js not running.
[2025-03-30 21:18:20] app-docker.js not running.
[2025-03-30 21:18:22] app-docker.js not running.
[2025-03-30 21:18:24] app-docker.js not running.
[2025-03-30 21:18:26] app-docker.js not running.
[2025-03-30 21:18:28] app-docker.js not running.
[2025-03-30 21:18:30] app-docker.js not running.
[2025-03-30 21:18:32] app-docker.js not running.
[2025-03-30 21:18:34] app-docker.js not running.
[2025-03-30 21:18:36] app-docker.js not running.
[2025-03-30 21:18:38] app-docker.js not running.
[2025-03-30 21:18:40] app-docker.js not running.
[2025-03-30 21:18:42] app-docker.js not running.
[2025-03-30 21:18:44] app-docker.js not running.
[2025-03-30 21:18:46] app-docker.js not running.
[2025-03-30 21:18:48] app-docker.js not running.
[2025-03-30 21:18:50] app-docker.js not running.
[2025-03-30 21:18:52] app-docker.js not running.
[2025-03-30 21:18:54] app-docker.js not running.
[2025-03-30 21:18:56] app-docker.js not running.
[2025-03-30 21:18:58] app-docker.js not running.
[2025-03-30 21:19:00] app-docker.js not running.
[2025-03-30 21:19:02] app-docker.js not running.
[2025-03-30 21:19:04] app-docker.js not running.
[2025-03-30 21:19:06] app-docker.js not running.
[2025-03-30 21:19:08] app-docker.js not running.
[2025-03-30 21:19:10] app-docker.js not running.
[2025-03-30 21:19:12] app-docker.js not running.
[2025-03-30 21:19:14] app-docker.js not running.
[2025-03-30 21:19:16] app-docker.js not running.
[2025-03-30 21:19:18] app-docker.js not running.
[2025-03-30 21:19:20] app-docker.js not running.
[2025-03-30 21:19:22] app-docker.js not running.
[2025-03-30 21:19:24] app-docker.js not running.
[2025-03-30 21:19:26] app-docker.js not running.
[2025-03-30 21:19:28] app-docker.js not running.
[2025-03-30 21:19:31] app-docker.js not running.
[2025-03-30 21:19:33] app-docker.js not running.
[2025-03-30 21:19:35] app-docker.js not running.
[2025-03-30 21:19:37] app-docker.js not running.
[2025-03-30 21:19:39] app-docker.js not running.
[2025-03-30 21:19:41] app-docker.js not running.
[2025-03-30 21:19:43] app-docker.js not running.
[2025-03-30 21:19:45] app-docker.js not running.
[2025-03-30 21:19:47] app-docker.js not running.
[2025-03-30 21:19:49] app-docker.js not running.
[2025-03-30 21:19:51] app-docker.js not running.
[2025-03-30 21:19:53] app-docker.js not running.
[2025-03-30 21:19:55] app-docker.js not running.
[2025-03-30 21:19:57] app-docker.js not running.
[2025-03-30 21:19:59] app-docker.js not running.
[2025-03-30 21:20:01] app-docker.js not running.
[2025-03-30 21:20:03] app-docker.js not running.
[2025-03-30 21:20:05] app-docker.js not running.
[2025-03-30 21:20:07] app-docker.js not running.
[2025-03-30 21:20:09] app-docker.js not running.
[2025-03-30 21:20:11] app-docker.js not running.
[2025-03-30 21:20:13] app-docker.js not running.
[2025-03-30 21:20:15] app-docker.js not running.
[2025-03-30 21:20:17] app-docker.js not running.
[2025-03-30 21:20:19] app-docker.js not running.
[2025-03-30 21:20:21] app-docker.js not running.
[2025-03-30 21:20:23] app-docker.js not running.
[2025-03-30 21:20:25] app-docker.js not running.
[2025-03-30 21:20:27] app-docker.js not running.
[2025-03-30 21:20:29] app-docker.js not running.
[2025-03-30 21:20:31] app-docker.js not running.
[2025-03-30 21:20:33] app-docker.js not running.
[2025-03-30 21:20:35] app-docker.js not running.
[2025-03-30 21:20:37] app-docker.js not running.
[2025-03-30 21:20:39] app-docker.js not running.
[2025-03-30 21:20:41] app-docker.js not running.
[2025-03-30 21:20:44] app-docker.js not running.
[2025-03-30 21:20:46] app-docker.js not running.
[2025-03-30 21:20:48] app-docker.js not running.
[2025-03-30 21:20:50] app-docker.js not running.
[2025-03-30 21:20:52] app-docker.js not running.
[2025-03-30 21:20:54] app-docker.js not running.
[2025-03-30 21:20:56] app-docker.js not running.
[2025-03-30 21:20:58] app-docker.js not running.
[2025-03-30 21:21:00] app-docker.js not running.
[2025-03-30 21:21:02] app-docker.js not running.
[2025-03-30 21:21:04] app-docker.js not running.
[2025-03-30 21:21:06] app-docker.js not running.
[2025-03-30 21:21:08] app-docker.js not running.
[2025-03-30 21:21:10] app-docker.js not running.
[2025-03-30 21:21:12] app-docker.js not running.
[2025-03-30 21:21:14] app-docker.js not running.
[2025-03-30 21:21:16] app-docker.js not running.
